gss_a,gss_b,match
E06000001,E47000006,86.3
E06000001,E07000120,81.8
E06000001,E06000012,81.3
E06000001,E08000018,79.3
E06000001,E08000032,79.1
E06000001,E06000021,78.3
E06000001,E06000004,77.3
E06000001,E06000008,77.0
E06000001,E07000117,77.0
E06000001,E06000006,76.7
E06000002,E06000015,76.7
E06000002,E06000010,76.4
E06000002,E08000001,76.3
E06000002,E08000025,75.9
E06000002,E08000024,75.2
E06000002,E08000006,74.5
E06000002,E08000012,74.5
E06000002,E47000004,74.3
E06000002,E08000011,74.2
E06000002,E08000035,73.8
E06000003,E06000012,69.6
E06000003,E07000037,61.9
E06000003,W06000012,59.9
E06000003,E06000001,59.8
E06000003,E07000010,58.4
E06000003,E47000006,58.4
E06000003,E06000013,57.9
E06000003,W06000019,56.1
E06000003,E07000128,55.8
E06000003,E08000018,54.9
E06000004,E47000006,85.4
E06000004,E06000005,82.8
E06000004,E47000002,82.7
E06000004,E08000018,81.8
E06000004,E47000003,81.7
E06000004,E08000035,81.0
E06000004,E08000037,80.7
E06000004,E47000011,80.4
E06000004,E08000022,80.2
E06000004,E06000020,80.0
E06000005,E08000033,89.0
E06000005,E47000010,87.0
E06000005,E47000011,85.1
E06000005,E47000003,84.0
E06000005,E07000122,83.1
E06000005,E06000004,82.7
E06000005,E10000017,82.2
E06000005,E47000006,81.9
E06000005,E08000037,81.7
E06000005,E08000018,81.5
E06000006,E08000001,85.8
E06000006,E08000015,83.7
E06000006,E08000032,83.6
E06000006,E07000120,82.9
E06000006,E08000005,82.0
E06000006,E47000004,81.8
E06000006,E47000001,81.5
E06000006,E47000002,81.1
E06000006,E07000117,81.0
E06000006,E08000010,80.7
E06000007,E08000029,85.6
E06000007,E08000007,84.7
E06000007,E07000036,83.5
E06000007,E07000236,82.9
E06000007,E08000002,82.5
E06000007,E06000030,82.3
E06000007,E07000239,81.2
E06000007,E07000195,81.1
E06000007,E07000118,80.7
E06000007,E07000038,80.4
E06000008,E08000004,90.8
E06000008,E08000032,88.7
E06000008,E08000005,87.8
E06000008,E07000117,85.9
E06000008,E47000004,85.1
E06000008,E08000001,84.7
E06000008,E08000008,84.4
E06000008,E08000030,84.0
E06000008,E47000001,83.7
E06000008,E07000120,83.4
E06000009,E08000031,82.1
E06000009,E08000006,81.1
E06000009,E08000012,81.0
E06000009,E47000004,80.7
E06000009,E08000023,78.9
E06000009,E08000025,78.4
E06000009,E08000008,78.0
E06000009,E07000117,77.7
E06000009,E47000001,77.5
E06000009,E08000004,77.1
E06000010,E08000031,85.0
E06000010,E08000028,83.7
E06000010,E08000025,83.4
E06000010,E06000021,83.2
E06000010,E08000032,82.2
E06000010,E08000006,81.5
E06000010,E08000023,81.2
E06000010,E47000004,80.9
E06000010,E08000012,80.7
E06000010,E08000004,80.2
E06000011,E47000012,87.0
E06000011,E06000065,86.9
E06000011,E07000127,78.4
E06000011,E10000007,78.1
E06000011,E07000141,78.1
E06000011,E10000019,78.1
E06000011,E06000050,77.0
E06000011,E10000018,76.5
E06000011,E07000196,76.3
E06000011,E07000133,76.3
E06000012,E47000006,81.3
E06000012,E06000001,81.3
E06000012,E08000018,76.3
E06000012,E06000004,73.8
E06000012,E07000120,72.7
E06000012,E06000021,71.1
E06000012,W06000022,70.9
E06000012,E06000005,70.8
E06000012,E47000002,70.1
E06000012,E08000017,70.0
E06000013,E06000061,79.2
E06000013,E07000171,79.2
E06000013,E10000007,78.3
E06000013,E10000024,76.8
E06000013,E10000019,76.8
E06000013,E07000244,75.8
E06000013,E10000017,74.7
E06000013,E07000175,74.7
E06000013,E07000128,74.5
E06000013,W06000005,74.1
E06000014,E07000130,86.0
E06000014,E07000129,85.8
E06000014,E10000018,84.0
E06000014,E07000099,82.0
E06000014,E07000222,81.6
E06000014,E07000234,81.5
E06000014,E08000029,80.8
E06000014,E07000240,80.7
E06000014,E10000015,80.2
E06000014,E10000014,79.8
E06000015,E08000035,84.9
E06000015,E08000006,83.1
E06000015,E08000019,83.1
E06000015,E47000001,82.7
E06000015,E08000027,82.7
E06000015,E08000031,81.7
E06000015,E08000001,81.2
E06000015,W06000015,80.7
E06000015,E08000025,79.9
E06000015,E08000026,79.7
E06000016,E08000026,84.6
E06000016,E06000032,84.6
E06000016,E06000044,82.2
E06000016,E06000045,81.7
E06000016,E09000010,81.6
E06000016,E08000028,80.0
E06000016,E08000031,79.8
E06000016,E09000002,79.4
E06000016,E08000008,78.8
E06000016,E06000023,78.7
E06000017,E07000181,76.3
E06000017,E07000131,74.0
E06000017,E07000221,73.7
E06000017,E07000179,73.3
E06000017,E06000065,72.3
E06000017,E47000012,71.9
E06000017,E07000124,71.8
E06000017,E07000134,71.5
E06000017,E07000139,71.3
E06000017,E07000180,71.0
E06000018,E08000003,88.6
E06000018,E08000025,84.3
E06000018,E08000012,79.9
E06000018,E08000006,79.7
E06000018,E08000021,79.4
E06000018,E07000138,77.4
E06000018,E07000148,76.6
E06000018,E08000031,76.4
E06000018,E06000015,75.8
E06000018,E06000016,74.5
E06000019,E06000051,80.8
E06000019,E07000043,79.8
E06000019,E06000066,79.3
E06000019,E07000080,78.2
E06000019,E10000008,77.4
E06000019,E07000235,77.0
E06000019,E07000140,74.8
E06000019,W06000010,74.8
E06000019,E06000059,74.5
E06000019,E07000238,72.7
E06000020,E07000170,82.5
E06000020,E08000019,81.9
E06000020,E47000003,81.5
E06000020,E07000219,81.5
E06000020,E08000035,81.1
E06000020,E07000236,80.9
E06000020,E08000002,80.6
E06000020,E47000002,80.5
E06000020,W06000022,80.4
E06000020,W06000020,80.1
E06000021,E06000010,82.6
E06000021,E08000031,81.9
E06000021,E08000032,81.7
E06000021,E08000028,81.3
E06000021,E47000004,81.3
E06000021,E08000008,80.6
E06000021,E08000005,79.8
E06000021,E06000008,79.7
E06000021,E08000011,79.3
E06000021,E08000018,79.1
E06000022,E06000025,86.4
E06000022,E10000014,83.6
E06000022,E07000130,82.8
E06000022,E10000015,82.7
E06000022,E07000082,82.2
E06000022,E06000036,82.0
E06000022,E06000024,81.3
E06000022,W06000014,81.1
E06000022,E10000013,81.0
E06000022,E07000234,80.8
E06000023,E08000026,87.8
E06000023,E06000045,86.4
E06000023,E06000026,83.0
E06000023,E07000237,81.5
E06000023,E07000081,81.2
E06000023,E06000044,80.6
E06000023,E08000027,80.1
E06000023,W06000015,79.7
E06000023,E07000088,79.3
E06000023,E06000038,78.7
E06000024,W06000014,87.6
E06000024,E06000030,86.3
E06000024,E06000025,84.5
E06000024,E10000034,83.4
E06000024,E07000083,82.8
E06000024,E08000029,82.7
E06000024,E10000014,82.6
E06000024,E07000130,81.3
E06000024,E10000028,81.1
E06000024,E10000013,81.1
E06000025,E06000022,86.5
E06000025,E10000014,85.1
E06000025,E06000024,85.0
E06000025,E07000086,84.5
E06000025,E07000130,84.3
E06000025,E10000015,83.0
E06000025,E07000083,83.0
E06000025,E06000030,82.7
E06000025,E07000234,82.6
E06000025,E07000222,82.4
E06000026,E06000023,82.3
E06000026,W06000015,79.6
E06000026,E06000027,78.2
E06000026,E08000027,77.3
E06000026,E08000026,76.9
E06000026,E07000081,76.7
E06000026,E06000045,75.0
E06000026,E07000088,74.8
E06000026,E07000237,72.4
E06000026,E06000044,72.2
E06000027,E06000026,78.7
E06000027,W06000020,77.2
E06000027,E07000034,74.3
E06000027,E06000023,73.8
E06000027,W06000011,71.7
E06000027,E07000061,71.5
E06000027,E07000219,71.2
E06000027,E07000088,70.9
E06000027,E08000027,70.9
E06000027,E06000044,70.8
E06000030,E06000042,89.7
E06000030,E08000029,88.5
E06000030,E06000024,85.8
E06000030,E10000034,83.1
E06000030,E06000007,82.1
E06000030,E06000025,81.7
E06000030,E10000014,81.7
E06000030,E06000058,81.7
E06000030,E10000015,81.5
E06000030,E07000092,80.6
E06000031,E47000002,78.4
E06000031,E08000035,78.3
E06000031,E47000003,77.8
E06000031,E08000037,77.6
E06000031,E07000066,77.3
E06000031,E08000018,77.2
E06000031,E06000015,77.0
E06000031,E06000020,75.9
E06000031,E08000017,75.9
E06000031,E08000019,74.9
E06000032,E09000010,91.1
E06000032,E09000008,85.5
E06000032,E08000026,85.2
E06000032,E06000016,84.4
E06000032,E09000009,84.1
E06000032,E12000007,84.0
E06000032,E06000045,83.9
E06000032,E07000202,83.7
E06000032,E06000044,83.6
E06000032,E09000011,81.9
E06000033,E09000008,85.8
E06000033,E07000202,83.7
E06000033,E06000043,83.3
E06000033,E09000010,82.0
E06000033,E07000229,80.4
E06000033,E09000003,80.0
E06000033,E07000090,79.4
E06000033,E09000016,79.0
E06000033,E09000015,79.0
E06000033,E07000103,78.7
E06000034,E07000109,84.9
E06000034,E07000107,83.6
E06000034,E07000095,77.8
E06000034,E07000224,77.5
E06000034,E07000113,77.0
E06000034,E07000226,76.8
E06000034,E07000066,76.6
E06000034,E07000108,76.0
E06000034,E06000061,76.0
E06000034,E10000011,75.1
E06000035,E07000202,81.2
E06000035,E09000010,79.0
E06000035,E07000090,78.8
E06000035,E07000219,78.5
E06000035,E07000199,77.7
E06000035,E07000236,77.4
E06000035,E06000043,76.6
E06000035,E10000016,76.5
E06000035,E07000107,75.7
E06000035,E09000016,75.7
E06000036,E07000087,87.3
E06000036,E07000217,86.8
E06000036,E10000015,85.3
E06000036,E07000086,84.9
E06000036,E07000211,84.6
E06000036,E06000040,84.2
E06000036,E07000208,84.0
E06000036,E09000006,83.9
E06000036,E07000240,83.7
E06000036,E07000102,83.4
E06000037,E10000025,87.2
E06000037,E07000216,86.3
E06000037,E07000210,84.5
E06000037,E07000085,84.2
E06000037,E07000181,84.1
E06000037,E07000094,84.1
E06000037,E07000209,83.9
E06000037,E06000060,83.8
E06000037,E07000082,81.9
E06000037,E07000179,81.5
E06000038,E09000008,87.5
E06000038,E12000007,86.4
E06000038,E07000103,85.2
E06000038,E06000043,83.9
E06000038,E07000088,83.5
E06000038,E07000229,83.3
E06000038,E09000018,82.5
E06000038,E07000061,82.3
E06000038,E09000003,82.0
E06000038,E09000026,81.8
E06000039,E07000243,85.0
E06000039,E09000011,78.2
E06000039,E06000044,77.0
E06000039,E07000073,76.1
E06000039,E09000009,75.8
E06000039,E09000018,75.2
E06000039,E07000061,74.3
E06000039,E07000226,73.2
E06000039,E09000005,73.1
E06000039,E12000007,72.7
E06000040,E10000030,94.1
E06000040,E07000240,93.8
E06000040,E07000214,91.0
E06000040,E07000211,89.2
E06000040,E07000102,88.8
E06000040,E07000207,88.7
E06000040,E07000228,87.3
E06000040,E07000075,85.2
E06000040,E07000208,85.1
E06000040,E07000234,84.8
E06000041,E07000240,88.1
E06000041,E06000040,85.0
E06000041,E07000087,84.6
E06000041,E07000208,84.2
E06000041,E07000214,83.9
E06000041,E07000129,83.9
E06000041,E07000228,83.8
E06000041,E07000075,83.2
E06000041,E07000089,83.1
E06000041,E07000086,82.4
E06000042,E06000030,89.8
E06000042,E08000029,87.5
E06000042,E07000092,85.4
E06000042,E10000015,85.0
E06000042,E07000223,83.6
E06000042,E10000034,83.4
E06000042,E07000213,83.2
E06000042,E07000096,82.7
E06000042,E07000036,82.6
E06000042,E06000058,82.3
E06000043,E07000088,87.5
E06000043,E07000229,86.0
E06000043,E07000092,85.5
E06000043,E09000008,84.8
E06000043,E06000038,84.1
E06000043,E06000033,83.7
E06000043,E06000058,83.4
E06000043,E07000103,83.4
E06000043,E09000003,83.4
E06000043,E07000237,83.2
E06000044,E06000045,88.9
E06000044,E09000011,88.0
E06000044,E06000032,84.4
E06000044,E12000007,83.7
E06000044,E08000026,83.7
E06000044,E09000009,83.3
E06000044,E09000005,83.1
E06000044,E06000016,83.0
E06000044,E06000023,82.0
E06000044,E09000018,81.6
E06000045,E06000044,88.7
E06000045,E08000026,87.2
E06000045,E06000023,87.2
E06000045,E06000032,84.5
E06000045,E12000007,83.5
E06000045,E06000016,82.2
E06000045,E09000010,81.8
E06000045,E09000011,81.2
E06000045,E06000038,78.7
E06000045,E09000008,78.5
E06000046,E07000112,75.6
E06000046,E07000108,75.5
E06000046,E07000224,74.9
E06000046,E07000239,73.9
E06000046,E10000016,73.1
E06000046,E07000192,71.9
E06000046,W06000016,71.8
E06000046,E10000011,71.7
E06000046,E07000109,71.2
E06000046,W06000020,70.9
E06000047,E07000033,81.2
E06000047,E47000010,81.0
E06000047,E06000063,76.4
E06000047,E47000011,75.0
E06000047,W06000004,75.0
E06000047,E07000121,74.4
E06000047,E08000033,73.9
E06000047,E06000013,73.3
E06000047,E06000057,73.1
E06000047,W06000016,72.9
E06000049,E07000119,84.0
E06000049,E06000050,82.6
E06000049,E07000038,82.5
E06000049,E07000234,81.7
E06000049,E10000028,81.6
E06000049,E07000197,81.2
E06000049,W06000014,80.6
E06000049,E07000032,80.6
E06000049,E10000034,80.2
E06000049,E08000029,80.2
E06000050,E10000028,87.1
E06000050,E10000007,85.6
E06000050,E07000032,83.7
E06000050,E07000193,83.3
E06000050,E10000024,83.0
E06000050,E06000049,82.6
E06000050,W06000014,82.4
E06000050,E07000118,82.0
E06000050,E10000034,81.1
E06000050,E06000062,81.0
E06000051,E10000008,83.9
E06000051,E07000043,82.1
E06000051,E06000066,81.3
E06000051,E06000059,80.4
E06000051,E06000019,80.2
E06000051,E07000238,80.0
E06000051,W06000004,78.4
E06000051,W06000021,78.1
E06000051,E07000042,77.4
E06000051,E07000235,76.3
E06000052,E07000043,77.0
E06000052,E10000008,75.5
E06000052,E06000066,75.2
E06000052,E07000042,72.8
E06000052,E06000019,72.4
E06000052,E06000051,71.0
E06000052,E07000080,70.4
E06000052,W06000004,69.9
E06000052,E06000059,69.0
E06000052,W06000003,67.8
E06000053,E07000040,46.7
E06000053,E07000082,41.8
E06000053,E06000054,41.6
E06000053,E07000179,40.9
E06000053,E07000133,40.7
E06000053,E06000024,40.5
E06000053,E06000022,40.2
E06000053,E07000131,40.2
E06000053,E07000044,40.0
E06000053,E07000089,39.9
E06000054,E07000197,85.8
E06000054,E07000238,84.4
E06000054,E06000059,84.2
E06000054,E07000177,82.9
E06000054,E10000031,82.4
E06000054,E07000040,82.3
E06000054,E10000013,82.3
E06000054,E07000084,82.2
E06000054,E07000093,82.1
E06000054,E10000025,82.1
E06000055,E10000016,89.4
E06000055,E10000011,86.7
E06000055,E10000012,86.3
E06000055,E10000034,85.4
E06000055,E06000062,85.0
E06000055,E10000031,84.9
E06000055,E07000071,83.9
E06000055,E10000029,83.8
E06000055,E10000013,83.6
E06000055,E10000019,83.5
E06000056,E07000115,90.3
E06000056,E07000132,87.4
E06000056,E10000018,85.2
E06000056,E07000116,84.5
E06000056,E07000129,84.2
E06000056,E06000060,84.1
E06000056,E07000144,83.6
E06000056,E07000084,83.5
E06000056,E10000031,82.7
E06000056,E10000014,82.6
E06000057,E06000063,84.3
E06000057,S12000008,79.6
E06000057,E06000064,76.6
E06000057,E07000127,76.6
E06000057,S12000028,75.8
E06000057,S12000041,75.2
E06000057,W06000004,75.1
E06000057,E06000011,74.6
E06000057,S12000047,74.3
E06000057,E06000047,73.9
E06000058,E07000092,88.7
E06000058,E07000213,86.2
E06000058,E07000223,85.9
E06000058,E09000016,84.8
E06000058,E07000229,84.2
E06000058,E07000088,83.6
E06000058,E06000042,82.4
E06000058,E06000043,82.4
E06000058,E06000030,82.0
E06000058,E07000095,81.5
E06000059,E10000008,88.9
E06000059,E06000066,87.4
E06000059,E06000054,83.9
E06000059,E07000040,82.7
E06000059,E07000238,82.7
E06000059,E07000235,81.2
E06000059,E10000031,81.0
E06000059,W06000021,81.0
E06000059,E06000051,80.4
E06000059,E10000034,78.9
E06000060,E07000215,90.5
E06000060,E07000116,89.2
E06000060,E07000111,87.8
E06000060,E07000214,86.7
E06000060,E10000030,85.2
E06000060,E10000014,85.1
E06000060,E07000210,85.0
E06000060,E07000179,85.0
E06000060,E07000129,84.9
E06000060,E06000040,84.3
E06000061,E10000024,86.3
E06000061,E06000062,83.9
E06000061,E10000007,83.7
E06000061,E10000031,83.3
E06000061,E10000028,81.1
E06000061,E10000019,81.0
E06000061,E07000171,81.0
E06000061,E07000032,80.9
E06000061,E10000029,80.9
E06000061,E10000012,80.7
E06000062,E10000031,91.4
E06000062,E06000055,85.8
E06000062,E10000028,85.6
E06000062,E10000012,85.2
E06000062,E10000034,84.6
E06000062,E10000013,84.3
E06000062,E07000084,84.2
E06000062,E06000061,83.8
E06000062,E10000029,83.7
E06000062,E07000141,83.0
E06000063,E06000057,84.5
E06000063,W06000004,81.3
E06000063,S12000008,79.9
E06000063,S12000028,78.2
E06000063,E06000047,77.3
E06000063,E06000064,77.2
E06000063,E07000127,76.3
E06000063,E07000128,75.6
E06000063,E06000051,75.2
E06000063,W06000003,75.1
E06000064,E06000063,77.2
E06000064,E06000057,76.8
E06000064,E06000065,76.5
E06000064,W06000006,74.2
E06000064,E06000011,73.7
E06000064,S12000028,73.3
E06000064,E07000128,71.9
E06000064,W06000021,71.8
E06000064,E07000198,71.0
E06000064,S12000041,70.5
E06000065,E47000012,87.3
E06000065,E06000011,87.2
E06000065,E07000238,78.2
E06000065,S12000010,77.3
E06000065,E06000064,76.2
E06000065,W06000021,76.2
E06000065,S12000041,76.1
E06000065,E07000127,75.5
E06000065,E10000019,74.9
E06000065,E07000142,74.8
E06000066,E10000008,90.7
E06000066,E06000059,87.1
E06000066,E07000238,81.8
E06000066,E06000051,81.1
E06000066,E07000043,80.5
E06000066,E07000080,79.4
E06000066,E07000235,78.7
E06000066,E07000045,78.4
E06000066,E06000019,78.4
E06000066,E06000054,77.4
E07000008,E07000178,83.7
E07000008,E09000001,81.2
E07000008,E07000078,70.4
E07000008,E07000212,65.7
E07000008,E07000106,62.1
E07000008,E07000041,61.2
E07000008,S12000033,60.8
E07000008,E07000138,59.0
E07000008,E07000241,57.3
E07000008,E07000237,57.2
E07000009,E07000011,84.2
E07000009,E07000012,83.3
E07000009,E07000227,80.0
E07000009,E07000221,79.8
E07000009,E07000077,79.5
E07000009,E07000200,79.1
E07000009,E07000139,77.9
E07000009,E07000149,77.8
E07000009,E10000003,77.4
E07000009,E07000039,77.1
E07000010,E07000113,78.8
E07000010,E07000125,75.0
E07000010,E07000136,73.8
E07000010,E06000034,73.6
E07000010,E07000076,71.8
E07000010,E06000013,71.5
E07000010,E07000244,71.1
E07000010,E07000109,70.8
E07000010,W06000020,70.3
E07000010,W06000012,70.3
E07000011,E07000009,83.5
E07000011,E07000039,82.2
E07000011,E10000003,81.9
E07000011,E07000149,78.6
E07000011,E07000134,77.6
E07000011,E07000194,76.4
E07000011,E07000200,75.0
E07000011,E07000012,75.0
E07000011,E07000079,75.0
E07000011,E07000077,74.7
E07000012,E07000077,86.7
E07000012,E07000009,83.6
E07000012,E07000221,79.8
E07000012,E07000079,79.0
E07000012,E07000227,78.0
E07000012,E07000131,77.9
E07000012,E07000011,76.3
E07000012,E07000180,75.3
E07000012,E07000139,74.0
E07000012,E10000003,72.2
E07000032,E10000007,92.8
E07000032,E07000038,91.8
E07000032,E10000028,90.1
E07000032,E07000195,87.3
E07000032,E10000024,85.9
E07000032,E10000034,83.9
E07000032,E06000050,83.5
E07000032,E10000017,83.1
E07000032,E07000220,82.5
E07000032,E07000193,82.2
E07000033,E06000047,81.8
E07000033,W06000016,74.9
E07000033,W06000018,74.6
E07000033,E07000076,74.5
E07000033,E47000010,72.0
E07000033,E06000013,71.9
E07000033,E07000145,71.8
E07000033,W06000004,71.5
E07000033,E07000112,70.9
E07000033,E07000239,70.7
E07000034,E47000002,87.8
E07000034,E47000003,86.7
E07000034,E07000170,85.3
E07000034,E08000034,85.2
E07000034,E08000019,84.6
E07000034,E08000002,84.5
E07000034,E08000010,83.1
E07000034,E08000035,83.0
E07000034,E08000036,82.4
E07000034,E47000001,81.9
E07000035,E07000079,78.9
E07000035,E06000065,73.8
E07000035,E07000221,73.4
E07000035,E07000149,72.6
E07000035,E07000200,72.0
E07000035,E06000017,71.8
E07000035,E07000203,71.6
E07000035,E07000077,71.0
E07000035,E07000124,70.5
E07000035,E07000142,70.2
E07000036,E08000007,85.8
E07000036,E08000002,85.0
E07000036,E07000219,83.3
E07000036,E07000236,83.2
E07000036,E06000007,83.2
E07000036,E06000042,82.2
E07000036,E10000017,81.8
E07000036,E08000029,81.3
E07000036,E07000195,81.2
E07000036,E07000192,81.2
E07000037,W06000005,67.7
E07000037,E06000013,66.3
E07000037,E07000128,65.6
E07000037,E10000007,65.0
E07000037,W06000006,64.1
E07000037,E07000032,63.9
E07000037,E07000125,62.0
E07000037,E07000196,61.9
E07000037,E06000064,61.6
E07000037,E06000050,61.5
E07000038,E07000032,91.8
E07000038,E10000007,88.5
E07000038,E10000028,86.8
E07000038,E10000034,85.5
E07000038,E07000195,84.9
E07000038,E07000126,82.8
E07000038,E10000017,82.3
E07000038,E06000049,82.3
E07000038,E07000119,82.2
E07000038,E08000029,81.7
E07000039,E07000194,84.9
E07000039,E10000003,82.0
E07000039,E07000196,81.4
E07000039,E07000011,81.3
E07000039,E10000031,79.4
E07000039,E07000134,79.3
E07000039,E07000141,79.3
E07000039,E06000062,79.1
E07000039,E07000091,78.8
E07000039,E07000067,78.4
E07000040,E06000059,83.5
E07000040,E06000054,82.9
E07000040,E10000008,82.5
E07000040,E06000066,78.0
E07000040,E07000238,77.7
E07000040,E07000235,76.7
E07000040,E07000083,75.8
E07000040,E07000132,74.6
E07000040,E07000084,74.4
E07000040,E07000045,74.4
E07000041,E07000237,78.2
E07000041,E07000078,76.3
E07000041,E07000081,74.4
E07000041,E07000092,73.8
E07000041,E06000058,73.6
E07000041,E07000088,73.6
E07000041,E06000023,73.3
E07000041,E06000038,72.7
E07000041,E07000178,72.3
E07000041,W06000015,71.8
E07000042,E07000043,83.3
E07000042,E10000008,80.1
E07000042,E06000051,79.5
E07000042,E07000080,76.2
E07000042,E06000066,76.1
E07000042,E06000052,74.6
E07000042,W06000002,74.2
E07000042,E07000044,74.1
E07000042,E06000019,74.1
E07000042,E06000059,74.0
E07000043,E10000008,83.9
E07000043,E06000051,82.6
E07000043,E07000042,82.1
E07000043,E06000066,81.3
E07000043,E06000019,79.8
E07000043,E06000059,78.3
E07000043,E06000052,76.9
E07000043,W06000004,74.1
E07000043,E07000080,73.3
E07000043,W06000010,72.8
E07000044,E07000042,75.5
E07000044,W06000021,75.2
E07000044,E07000040,73.6
E07000044,E10000008,71.9
E07000044,E06000059,71.3
E07000044,E06000051,71.0
E07000044,E07000238,70.0
E07000044,E07000221,69.9
E07000044,E07000218,69.9
E07000044,E07000045,69.3
E07000045,E10000008,80.7
E07000045,E06000066,79.7
E07000045,E06000059,79.5
E07000045,E07000039,78.2
E07000045,E07000091,75.1
E07000045,E07000040,74.2
E07000045,W06000021,73.7
E07000045,E10000031,73.6
E07000045,E07000196,72.9
E07000045,E07000083,72.7
E07000046,E07000047,77.6
E07000046,W06000010,76.3
E07000046,E06000019,71.5
E07000046,E07000043,70.8
E07000046,W06000008,68.5
E07000046,E07000042,66.6
E07000046,S12000006,65.0
E07000046,E06000051,64.3
E07000046,E06000052,64.1
E07000046,W06000009,63.5
E07000047,E07000046,78.3
E07000047,E07000042,73.5
E07000047,W06000010,73.3
E07000047,W06000023,73.2
E07000047,W06000008,73.0
E07000047,E07000043,69.2
E07000047,W06000009,68.3
E07000047,E06000019,67.7
E07000047,S12000006,67.6
E07000047,W06000001,66.7
E07000061,E06000038,82.7
E07000061,E07000088,82.1
E07000061,E06000043,81.8
E07000061,E09000008,81.2
E07000061,E07000066,80.9
E07000061,E07000243,79.7
E07000061,E09000010,78.5
E07000061,E07000202,78.5
E07000061,E07000138,78.3
E07000061,E12000007,78.2
E07000062,E09000010,84.0
E07000062,E07000202,83.7
E07000062,E06000032,80.6
E07000062,E07000148,80.1
E07000062,E06000016,78.5
E07000062,E08000030,77.5
E07000062,E08000028,77.4
E07000062,E08000031,77.3
E07000062,E08000008,77.3
E07000062,E06000035,77.2
E07000063,E10000012,90.4
E07000063,E10000032,89.9
E07000063,E07000110,87.9
E07000063,E07000224,85.7
E07000063,E10000011,85.5
E07000063,E10000031,84.4
E07000063,E07000084,84.2
E07000063,E07000072,84.2
E07000063,E10000016,84.1
E07000063,E07000071,83.8
E07000064,E10000020,79.7
E07000064,E10000029,77.1
E07000064,E07000108,75.6
E07000064,E07000140,75.5
E07000064,E10000019,74.6
E07000064,E07000244,73.8
E07000064,E10000011,71.6
E07000064,W06000021,71.5
E07000064,E07000137,70.2
E07000064,E07000143,70.0
E07000065,E07000085,87.0
E07000065,E07000111,83.9
E07000065,E07000116,83.1
E07000065,E07000179,82.8
E07000065,E07000215,82.5
E07000065,E07000084,82.1
E07000065,E07000093,81.3
E07000065,E06000060,81.2
E07000065,E07000144,81.0
E07000065,E07000068,80.9
E07000066,E07000107,85.1
E07000066,E07000219,81.4
E07000066,E07000109,81.2
E07000066,E09000017,79.9
E07000066,E07000061,79.7
E07000066,E07000095,79.4
E07000066,E07000223,78.6
E07000066,E07000034,78.6
E07000066,E06000042,78.4
E07000066,E07000069,78.2
E07000067,E10000012,86.3
E07000067,E10000031,85.2
E07000067,E07000063,84.1
E07000067,E07000071,82.8
E07000067,E10000032,81.8
E07000067,E07000244,81.3
E07000067,E06000062,80.8
E07000067,E06000061,80.6
E07000067,E07000084,80.3
E07000067,E10000029,80.1
E07000068,E07000085,87.1
E07000068,E07000070,83.9
E07000068,E07000194,82.8
E07000068,E07000065,81.6
E07000068,E07000210,81.3
E07000068,E07000091,80.5
E07000068,E07000216,79.9
E07000068,E07000084,79.3
E07000068,E06000037,79.2
E07000068,E07000215,79.1
E07000069,E09000016,88.3
E07000069,E07000213,86.4
E07000069,E07000095,86.2
E07000069,E07000223,85.6
E07000069,E09000004,82.0
E07000069,E07000224,81.7
E07000069,E09000006,81.5
E07000069,E06000042,81.2
E07000069,E07000092,80.9
E07000069,E10000015,80.3
E07000070,E07000099,86.6
E07000070,E07000084,86.4
E07000070,E10000014,86.2
E07000070,E07000222,86.0
E07000070,E07000228,85.2
E07000070,E07000209,84.6
E07000070,E10000030,83.5
E07000070,E10000032,83.4
E07000070,E07000068,83.0
E07000070,E07000242,82.6
E07000071,E10000012,89.2
E07000071,E07000110,88.1
E07000071,E10000016,84.9
E07000071,E06000055,84.5
E07000071,E07000063,83.9
E07000071,E07000105,83.1
E07000071,E10000031,82.4
E07000071,E07000067,82.4
E07000071,E10000032,82.4
E07000071,E10000013,81.7
E07000072,E07000063,84.3
E07000072,E10000012,83.5
E07000072,E07000110,82.5
E07000072,E10000032,82.1
E07000072,E10000011,80.9
E07000072,E07000224,80.7
E07000072,E10000016,80.5
E07000072,E07000098,79.5
E07000072,E10000031,79.4
E07000072,E07000105,79.2
E07000073,E07000226,85.5
E07000073,E07000243,84.2
E07000073,E09000018,82.9
E07000073,E06000038,78.8
E07000073,E09000009,78.1
E07000073,E07000095,78.0
E07000073,E09000008,77.8
E07000073,E07000061,76.6
E07000073,E09000017,76.0
E07000073,E07000219,75.3
E07000074,E07000200,79.5
E07000074,E07000144,79.3
E07000074,E07000227,78.7
E07000074,E07000111,77.4
E07000074,E07000133,76.8
E07000074,E06000056,76.6
E07000074,E07000115,76.5
E07000074,E07000132,75.0
E07000074,E07000065,74.2
E07000074,E07000067,74.1
E07000075,E07000240,88.8
E07000075,E07000099,88.0
E07000075,E07000217,85.5
E07000075,E06000040,85.4
E07000075,E07000228,85.2
E07000075,E09000006,84.2
E07000075,E10000015,83.6
E07000075,E10000030,83.5
E07000075,E07000129,83.3
E07000075,E07000211,83.1
E07000076,E07000145,85.3
E07000076,E07000113,80.3
E07000076,E07000108,76.2
E07000076,E07000137,75.2
E07000076,E07000112,74.8
E07000076,E07000033,74.6
E07000076,E07000244,74.1
E07000076,E10000020,74.0
E07000076,E07000136,73.2
E07000076,E07000109,73.0
E07000077,E07000012,86.3
E07000077,E07000221,83.6
E07000077,E07000079,81.9
E07000077,E07000009,79.3
E07000077,E07000131,78.0
E07000077,E07000094,78.0
E07000077,E07000139,76.6
E07000077,E07000227,76.1
E07000077,E07000181,75.8
E07000077,E07000011,75.3
E07000078,E07000212,81.9
E07000078,E07000178,78.2
E07000078,E07000041,76.0
E07000078,E07000237,74.2
E07000078,E06000022,73.9
E07000078,E07000241,72.5
E07000078,E06000036,72.3
E07000078,E07000092,72.1
E07000078,E07000102,71.4
E07000078,S12000036,71.3
E07000079,E07000077,82.5
E07000079,E07000221,81.3
E07000079,E07000012,79.1
E07000079,E07000035,78.6
E07000079,E07000009,76.9
E07000079,E07000011,76.4
E07000079,E07000094,74.5
E07000079,E07000131,74.5
E07000079,E07000180,74.1
E07000079,E07000181,73.7
E07000080,E06000066,80.6
E07000080,E06000019,78.5
E07000080,E10000008,78.4
E07000080,E07000140,78.4
E07000080,E07000238,75.7
E07000080,E07000235,75.6
E07000080,E06000051,75.4
E07000080,E07000042,74.8
E07000080,E06000059,74.1
E07000080,E07000043,73.7
E07000081,E07000237,86.2
E07000081,E07000088,82.2
E07000081,E08000027,82.2
E07000081,W06000015,81.8
E07000081,E07000236,81.5
E07000081,E06000023,80.1
E07000081,E08000019,80.0
E07000081,E07000090,78.6
E07000081,E06000043,78.5
E07000081,E08000026,77.7
E07000082,E07000234,82.9
E07000082,E06000022,82.3
E07000082,E06000037,81.8
E07000082,E07000197,81.7
E07000082,E10000025,81.2
E07000082,E10000014,81.1
E07000082,E07000177,80.9
E07000082,E10000013,80.8
E07000082,E10000018,80.5
E07000082,E06000060,80.4
E07000083,E07000084,87.9
E07000083,E10000018,86.1
E07000083,E07000141,85.7
E07000083,E10000014,85.7
E07000083,E07000177,85.6
E07000083,E07000132,85.5
E07000083,E10000031,84.2
E07000083,E06000024,83.8
E07000083,E07000093,83.7
E07000083,E06000025,83.6
E07000084,E10000014,92.1
E07000084,E10000032,90.1
E07000084,E10000031,88.4
E07000084,E07000083,87.6
E07000084,E07000099,86.2
E07000084,E07000070,86.2
E07000084,E07000234,85.4
E07000084,E07000132,85.3
E07000084,E10000013,85.1
E07000084,E10000015,85.0
E07000085,E07000065,87.2
E07000085,E07000068,86.9
E07000085,E07000194,85.5
E07000085,E06000037,85.0
E07000085,E07000093,84.5
E07000085,E07000180,84.0
E07000085,E07000179,83.9
E07000085,E07000084,83.8
E07000085,E07000091,83.4
E07000085,E07000242,83.3
E07000086,E07000087,89.6
E07000086,E07000217,84.8
E07000086,E06000025,84.7
E07000086,E06000036,84.4
E07000086,E07000129,83.0
E07000086,E09000006,82.4
E07000086,E10000015,82.0
E07000086,E07000208,82.0
E07000086,E06000041,81.6
E07000086,E07000075,81.2
E07000087,E07000086,89.9
E07000087,E06000036,87.3
E07000087,E07000217,87.2
E07000087,E07000208,85.7
E07000087,E09000027,84.8
E07000087,E06000041,84.3
E07000087,E07000240,83.7
E07000087,E07000211,83.3
E07000087,E09000006,83.0
E07000087,E06000040,82.3
E07000088,E06000043,87.4
E07000088,E06000058,84.3
E07000088,E06000038,83.6
E07000088,E07000081,83.5
E07000088,E09000008,82.5
E07000088,E09000010,82.0
E07000088,E07000061,81.8
E07000088,E07000229,81.8
E07000088,E08000026,81.1
E07000088,E07000237,80.9
E07000089,E07000242,84.2
E07000089,E07000179,84.1
E07000089,E06000060,83.9
E07000089,E07000216,83.5
E07000089,E06000041,82.6
E07000089,E07000214,82.5
E07000089,E07000116,82.0
E07000089,E06000037,81.6
E07000089,E10000025,80.9
E07000089,E07000215,80.8
E07000090,E07000236,86.3
E07000090,E06000043,80.3
E07000090,E08000027,79.6
E07000090,E06000058,79.1
E07000090,E06000030,78.9
E07000090,E07000199,78.7
E07000090,E07000081,78.5
E07000090,E07000219,78.1
E07000090,E06000035,78.1
E07000090,E07000088,78.1
E07000091,E07000084,85.7
E07000091,E07000083,84.0
E07000091,E07000085,83.3
E07000091,E07000194,82.8
E07000091,E10000014,82.5
E07000091,E10000032,81.9
E07000091,E10000031,81.7
E07000091,E07000099,80.8
E07000091,E07000132,80.7
E07000091,E07000067,80.6
E07000092,E07000213,90.4
E07000092,E06000058,89.0
E07000092,E09000016,87.2
E07000092,E07000229,86.1
E07000092,E07000223,86.0
E07000092,E06000042,85.9
E07000092,E09000003,85.6
E07000092,E06000043,85.0
E07000092,E07000103,84.3
E07000092,E07000241,82.2
E07000093,E07000177,88.4
E07000093,E07000084,84.7
E07000093,E07000141,84.3
E07000093,E07000085,84.1
E07000093,E07000083,83.6
E07000093,E07000194,82.8
E07000093,E07000197,82.6
E07000093,E06000054,82.6
E07000093,E07000209,82.2
E07000093,E10000031,81.6
E07000094,E07000181,89.0
E07000094,E06000037,84.4
E07000094,E10000025,81.8
E07000094,E07000179,81.4
E07000094,E07000139,81.4
E07000094,E07000180,80.7
E07000094,E07000221,80.5
E07000094,E06000054,80.2
E07000094,E07000085,80.1
E07000094,E10000003,79.5
E07000095,E07000223,88.9
E07000095,E09000016,87.6
E07000095,E07000069,86.3
E07000095,E07000224,83.6
E07000095,E07000226,83.3
E07000095,E07000107,83.3
E07000095,E07000213,83.2
E07000095,E09000017,82.8
E07000095,E06000058,81.7
E07000095,E07000219,81.1
E07000096,E10000015,93.7
E07000096,E07000098,88.1
E07000096,E07000241,88.0
E07000096,E10000032,85.8
E07000096,E06000042,83.6
E07000096,E10000014,83.4
E07000096,E07000130,83.4
E07000096,E07000084,83.1
E07000096,E06000036,82.4
E07000096,E07000063,81.8
E07000098,E10000015,89.4
E07000098,E07000096,88.0
E07000098,E10000032,85.9
E07000098,E07000102,85.5
E07000098,E07000241,83.9
E07000098,E07000211,82.1
E07000098,E10000030,82.0
E07000098,E10000014,82.0
E07000098,E07000110,81.9
E07000098,E07000063,81.7
E07000099,E10000014,89.1
E07000099,E07000075,87.9
E07000099,E07000228,86.9
E07000099,E07000234,86.7
E07000099,E07000070,86.6
E07000099,E07000084,86.4
E07000099,E07000240,85.6
E07000099,E10000015,85.4
E07000099,E07000129,85.2
E07000099,E10000030,84.9
E07000102,E07000211,94.4
E07000102,E10000030,90.0
E07000102,E06000040,88.8
E07000102,E09000006,87.6
E07000102,E07000208,86.2
E07000102,E07000240,85.9
E07000102,E07000098,85.9
E07000102,E10000015,85.8
E07000102,E07000217,84.9
E07000102,E07000214,84.3
E07000103,E09000003,93.9
E07000103,E09000015,89.7
E07000103,E09000026,87.8
E07000103,E07000229,86.4
E07000103,E06000038,85.7
E07000103,E09000024,85.3
E07000103,E07000092,85.0
E07000103,E09000004,84.6
E07000103,E09000016,84.1
E07000103,E07000213,84.0
E07000105,E07000110,87.4
E07000105,E10000011,85.2
E07000105,E10000016,85.2
E07000105,E10000012,83.4
E07000105,E07000063,82.9
E07000105,E07000071,82.4
E07000105,E06000055,82.3
E07000105,E07000112,81.7
E07000105,E07000244,81.4
E07000105,E10000029,79.9
E07000106,E07000241,81.3
E07000106,E07000071,79.7
E07000106,E06000042,78.8
E07000106,E07000110,77.4
E07000106,E07000212,77.1
E07000106,E10000013,77.1
E07000106,E10000016,76.6
E07000106,E06000055,76.1
E07000106,E10000015,75.8
E07000106,E07000092,75.7
E07000107,E07000066,85.2
E07000107,E06000034,83.8
E07000107,E09000017,83.8
E07000107,E07000223,83.3
E07000107,E07000095,83.3
E07000107,E07000109,82.5
E07000107,E07000224,81.5
E07000107,E07000226,81.3
E07000107,E10000016,79.9
E07000107,E10000011,79.9
E07000108,E07000109,83.6
E07000108,E10000011,81.6
E07000108,E10000016,80.9
E07000108,E07000244,79.6
E07000108,E07000112,78.4
E07000108,E10000029,77.8
E07000108,E07000113,77.6
E07000108,E10000020,76.9
E07000108,E07000224,76.7
E07000108,E06000055,76.6
E07000109,E06000034,84.7
E07000109,E07000108,83.0
E07000109,E07000107,82.0
E07000109,E10000016,81.5
E07000109,E10000011,81.3
E07000109,E07000113,81.0
E07000109,E07000066,80.9
E07000109,E07000224,79.8
E07000109,E07000239,79.5
E07000109,E10000017,78.8
E07000110,E10000016,88.9
E07000110,E10000012,88.8
E07000110,E07000071,88.0
E07000110,E07000105,87.8
E07000110,E07000063,87.8
E07000110,E10000011,86.1
E07000110,E07000224,86.0
E07000110,E10000032,84.9
E07000110,E06000055,83.6
E07000110,E10000013,82.5
E07000111,E07000215,89.6
E07000111,E06000060,88.2
E07000111,E07000116,87.6
E07000111,E07000115,85.7
E07000111,E07000065,83.9
E07000111,E06000056,81.9
E07000111,E07000179,81.4
E07000111,E07000210,81.1
E07000111,E07000084,80.0
E07000111,E10000014,79.9
E07000112,E07000105,82.2
E07000112,E10000016,81.2
E07000112,E07000110,79.0
E07000112,E10000011,78.9
E07000112,E07000108,78.0
E07000112,E07000071,77.5
E07000112,E06000055,77.1
E07000112,E06000046,75.8
E07000112,E07000244,75.5
E07000112,E10000012,74.5
E07000113,E07000109,81.5
E07000113,E07000076,79.3
E07000113,E07000010,77.8
E07000113,E07000244,77.4
E07000113,E07000108,77.4
E07000113,E06000034,77.2
E07000113,E10000016,76.3
E07000113,E10000011,75.9
E07000113,E06000035,75.5
E07000113,E10000017,75.4
E07000114,E07000113,51.3
E07000114,E07000062,50.3
E07000114,E07000076,49.4
E07000114,E06000035,48.7
E07000114,E07000145,48.3
E07000114,E10000016,48.1
E07000114,E10000011,48.0
E07000114,E07000202,47.9
E07000114,E07000137,47.6
E07000114,E09000010,47.5
E07000115,E06000056,90.1
E07000115,E07000116,86.5
E07000115,E07000111,85.1
E07000115,E10000032,84.9
E07000115,E10000014,84.1
E07000115,E07000084,83.8
E07000115,E06000060,83.8
E07000115,E07000215,83.3
E07000115,E07000132,82.6
E07000115,E07000129,82.1
E07000116,E06000060,89.1
E07000116,E07000215,88.2
E07000116,E07000111,87.1
E07000116,E07000115,86.6
E07000116,E06000056,84.3
E07000116,E07000242,83.9
E07000116,E07000179,83.8
E07000116,E10000014,82.6
E07000116,E07000065,82.5
E07000116,E07000084,81.7
E07000117,E08000032,89.0
E07000117,E47000004,86.6
E07000117,E06000008,86.0
E07000117,E08000004,84.8
E07000117,E08000001,84.5
E07000117,E08000005,84.2
E07000117,E07000120,83.4
E07000117,E07000123,83.1
E07000117,E47000001,82.3
E07000117,E08000023,82.1
E07000118,E10000034,83.7
E07000118,E10000028,83.0
E07000118,E07000121,81.7
E07000118,E06000050,81.5
E07000118,E07000119,81.3
E07000118,E10000007,80.8
E07000118,E06000007,80.5
E07000118,E10000018,80.3
E07000118,E08000029,80.1
E07000118,E07000038,80.0
E07000119,E06000049,84.4
E07000119,E07000038,82.8
E07000119,E07000118,82.4
E07000119,E10000007,81.8
E07000119,E07000032,80.9
E07000119,E10000028,80.7
E07000119,E06000050,80.5
E07000119,E10000034,79.6
E07000119,E10000018,79.4
E07000119,E08000029,79.4
E07000120,E08000032,88.6
E07000120,E07000122,87.9
E07000120,E08000005,85.5
E07000120,E08000018,85.4
E07000120,E08000001,84.1
E07000120,E06000008,83.5
E07000120,E07000117,83.4
E07000120,E47000006,83.3
E07000120,E06000006,83.0
E07000120,E47000003,82.8
E07000121,E47000011,83.7
E07000121,S12000040,81.7
E07000121,E07000118,81.3
E07000121,E07000239,80.0
E07000121,E07000195,79.9
E07000121,S12000019,79.7
E07000121,S12000029,79.5
E07000121,E10000017,79.5
E07000121,E47000010,78.6
E07000121,E06000005,78.2
E07000122,E07000120,88.0
E07000122,E08000033,87.2
E07000122,E08000032,84.0
E07000122,E08000018,84.0
E07000122,E47000003,83.7
E07000122,E06000005,83.4
E07000122,E08000005,83.0
E07000122,E08000024,83.0
E07000122,E47000010,82.4
E07000122,E08000001,81.2
E07000123,E47000004,87.1
E07000123,E08000006,82.8
E07000123,E07000117,82.7
E07000123,E08000004,82.3
E07000123,E47000001,81.7
E07000123,E08000021,80.9
E07000123,E06000008,80.5
E07000123,E08000035,80.4
E07000123,E08000032,79.6
E07000123,E08000001,79.2
E07000124,E07000133,76.4
E07000124,E07000196,76.1
E07000124,E07000139,75.1
E07000124,E47000012,74.9
E07000124,E07000131,74.3
E07000124,E06000011,74.0
E07000124,E06000065,73.6
E07000124,E07000221,73.5
E07000124,E07000181,73.2
E07000124,S12000010,73.2
E07000125,E07000032,78.5
E07000125,E07000038,78.0
E07000125,E07000195,77.8
E07000125,E06000005,77.5
E07000125,E10000007,76.3
E07000125,E07000126,76.2
E07000125,E06000020,76.0
E07000125,E08000033,75.8
E07000125,E07000239,75.5
E07000125,W06000005,75.3
E07000126,E07000038,83.1
E07000126,E08000009,81.9
E07000126,E07000032,80.9
E07000126,E06000007,80.7
E07000126,E07000036,79.8
E07000126,E08000007,78.8
E07000126,E07000195,78.0
E07000126,E07000130,77.6
E07000126,E07000119,77.4
E07000126,E08000029,77.0
E07000127,E07000118,78.5
E07000127,E06000050,77.9
E07000127,E07000121,77.5
E07000127,E10000007,77.2
E07000127,E06000011,77.1
E07000127,E07000197,76.0
E07000127,E10000028,75.9
E07000127,E07000196,75.9
E07000127,E47000012,75.6
E07000127,E06000057,74.6
E07000128,E10000024,82.8
E07000128,E10000007,81.4
E07000128,E07000032,81.0
E07000128,E06000050,80.6
E07000128,E07000195,80.2
E07000128,S12000047,79.6
E07000128,E10000028,79.2
E07000128,E07000239,78.9
E07000128,E07000193,78.8
E07000128,W06000005,78.3
E07000129,E06000014,86.2
E07000129,E07000099,85.1
E07000129,E06000060,85.0
E07000129,E07000240,84.8
E07000129,E07000132,84.4
E07000129,E06000056,84.1
E07000129,E10000014,83.5
E07000129,E10000018,83.4
E07000129,E07000214,83.3
E07000129,E06000041,83.2
E07000130,E06000014,85.8
E07000130,E10000015,85.2
E07000130,E10000018,84.9
E07000130,E06000025,83.9
E07000130,E10000013,83.8
E07000130,E07000099,83.4
E07000130,E10000014,83.2
E07000130,E07000096,82.9
E07000130,E06000022,82.4
E07000130,E06000042,81.8
E07000131,E07000179,84.6
E07000131,E07000227,81.9
E07000131,E07000181,81.2
E07000131,E07000221,79.9
E07000131,E07000139,79.7
E07000131,E07000077,77.7
E07000131,E07000094,77.5
E07000131,E07000180,77.4
E07000131,E07000012,76.9
E07000131,E07000144,75.9
E07000132,E10000018,89.8
E07000132,E06000056,87.4
E07000132,E07000084,85.6
E07000132,E07000083,85.4
E07000132,E10000031,85.3
E07000132,E07000129,84.6
E07000132,E10000028,84.0
E07000132,E10000032,83.7
E07000132,E07000141,83.6
E07000132,E07000196,83.3
E07000133,E07000132,80.4
E07000133,E07000141,79.5
E07000133,E47000012,79.4
E07000133,E10000018,79.4
E07000133,E07000177,79.0
E07000133,E07000065,78.6
E07000133,E07000235,77.8
E07000133,E06000054,77.7
E07000133,E07000083,77.6
E07000133,E06000011,77.1
E07000134,E10000003,80.8
E07000134,E07000039,79.7
E07000134,E07000194,78.1
E07000134,E07000196,78.0
E07000134,E07000011,77.0
E07000134,E07000177,74.8
E07000134,E47000012,74.6
E07000134,E07000141,74.4
E07000134,E07000225,73.5
E07000134,E07000238,73.1
E07000135,E07000217,85.3
E07000135,E09000006,83.4
E07000135,E07000213,82.0
E07000135,E07000086,80.2
E07000135,E09000029,80.1
E07000135,E10000015,79.8
E07000135,E07000102,79.7
E07000135,E08000009,79.3
E07000135,E07000130,79.3
E07000135,E07000098,78.6
E07000136,E07000244,78.0
E07000136,E10000020,77.9
E07000136,E10000019,77.3
E07000136,E10000016,75.4
E07000136,E07000105,75.2
E07000136,E07000113,75.1
E07000136,E10000029,75.1
E07000136,E07000195,75.0
E07000136,E07000140,74.9
E07000136,E07000143,74.8
E07000137,E07000076,74.8
E07000137,E10000020,72.8
E07000137,E10000019,71.5
E07000137,E07000142,71.1
E07000137,E07000064,69.5
E07000137,E07000143,68.2
E07000137,E06000063,68.1
E07000137,E07000145,67.8
E07000137,E06000057,67.1
E07000137,E07000171,66.6
E07000138,E07000148,83.6
E07000138,E08000026,80.9
E07000138,E08000021,78.2
E07000138,E08000006,78.2
E07000138,E06000023,78.2
E07000138,E07000061,77.7
E07000138,E07000170,77.4
E07000138,E08000019,77.4
E07000138,E07000202,77.3
E07000138,E06000015,77.3
E07000139,E07000181,83.1
E07000139,E07000221,82.4
E07000139,E10000003,82.0
E07000139,E07000094,81.8
E07000139,E07000227,81.5
E07000139,E07000196,79.8
E07000139,E07000131,79.3
E07000139,E07000149,77.6
E07000139,E06000054,77.6
E07000139,E07000039,77.5
E07000140,E07000143,81.2
E07000140,E10000020,80.2
E07000140,E07000080,78.6
E07000140,E10000019,78.0
E07000140,E06000051,76.9
E07000140,E07000136,76.4
E07000140,E10000029,76.0
E07000140,E07000064,75.6
E07000140,E07000200,75.4
E07000140,E06000019,75.3
E07000141,E07000177,86.9
E07000141,E07000220,86.2
E07000141,E07000083,85.8
E07000141,E10000018,85.0
E07000141,E10000031,84.7
E07000141,E07000093,84.4
E07000141,E07000194,84.0
E07000141,E06000062,83.8
E07000141,E07000132,83.8
E07000141,E07000084,83.5
E07000142,E10000019,79.3
E07000142,E07000143,76.7
E07000142,E07000238,76.0
E07000142,E06000051,75.9
E07000142,E10000020,75.5
E07000142,E06000065,75.5
E07000142,E07000200,75.3
E07000142,E07000140,74.6
E07000142,E06000057,74.5
E07000142,E06000011,73.9
E07000143,E10000020,82.5
E07000143,E07000140,80.6
E07000143,E07000171,79.9
E07000143,E10000019,78.7
E07000143,E07000067,77.2
E07000143,E07000244,76.5
E07000143,E07000142,75.9
E07000143,E07000136,75.6
E07000143,E07000200,74.8
E07000143,E10000029,74.0
E07000144,E06000056,84.6
E07000144,E07000115,83.0
E07000144,E07000065,81.8
E07000144,E07000116,81.8
E07000144,E07000132,81.3
E07000144,E07000141,80.6
E07000144,E07000111,80.6
E07000144,E07000227,80.4
E07000144,E07000179,80.3
E07000144,E10000003,79.8
E07000145,E07000076,84.9
E07000145,E07000113,73.5
E07000145,E07000112,73.5
E07000145,E07000108,72.2
E07000145,E07000033,71.2
E07000145,E07000174,71.1
E07000145,E47000010,71.0
E07000145,E06000031,70.9
E07000145,E08000036,70.6
E07000145,E06000035,70.1
E07000146,E07000245,65.6
E07000146,E07000064,63.9
E07000146,E10000020,57.2
E07000146,E07000147,56.9
E07000146,E07000198,56.7
E07000146,E06000064,55.0
E07000146,E07000010,54.8
E07000146,W06000006,54.7
E07000146,E07000137,54.5
E07000146,E07000140,54.4
E07000147,E07000140,75.1
E07000147,E07000143,68.5
E07000147,E10000020,67.4
E07000147,E07000064,67.2
E07000147,E07000142,65.3
E07000147,W06000002,65.2
E07000147,E07000080,64.7
E07000147,E07000137,64.5
E07000147,E06000019,62.7
E07000147,E06000051,62.4
E07000148,E07000202,87.3
E07000148,E07000138,83.7
E07000148,E09000010,80.0
E07000148,E07000062,79.1
E07000148,E08000026,78.8
E07000148,E06000015,78.6
E07000148,E06000032,77.2
E07000148,E06000033,76.8
E07000148,E06000016,76.7
E07000148,E08000019,76.3
E07000149,E07000203,88.5
E07000149,E07000200,87.8
E07000149,E10000003,78.0
E07000149,E07000011,77.8
E07000149,E07000065,77.7
E07000149,E07000225,77.6
E07000149,E07000039,77.2
E07000149,E07000139,77.0
E07000149,E07000144,76.4
E07000149,E07000009,76.1
E07000170,E07000034,85.3
E07000170,E07000219,84.4
E07000170,E06000020,81.9
E07000170,E47000003,81.2
E07000170,E08000019,80.5
E07000170,E08000002,80.4
E07000170,E08000035,79.7
E07000170,E47000002,79.5
E07000170,E08000027,79.3
E07000170,E08000033,78.9
E07000171,E06000061,81.1
E07000171,E07000143,79.8
E07000171,E07000175,79.6
E07000171,E06000013,79.4
E07000171,E10000019,77.9
E07000171,W06000005,77.0
E07000171,E10000020,76.3
E07000171,E10000007,75.7
E07000171,E07000067,73.9
E07000171,E10000024,73.8
E07000172,E08000009,84.4
E07000172,E07000096,79.7
E07000172,E07000173,78.3
E07000172,E10000015,76.1
E07000172,E07000217,75.6
E07000172,E07000135,75.3
E07000172,E07000220,75.0
E07000172,E07000130,74.7
E07000172,E07000241,74.6
E07000172,E07000069,74.5
E07000173,E07000032,81.3
E07000173,E10000028,79.8
E07000173,E07000118,79.1
E07000173,E07000132,78.6
E07000173,E07000098,78.6
E07000173,E10000007,78.6
E07000173,E07000096,78.5
E07000173,E10000024,78.3
E07000173,E08000009,78.0
E07000173,E07000192,77.8
E07000174,E08000034,88.4
E07000174,E08000036,86.7
E07000174,E47000002,86.4
E07000174,E47000003,85.9
E07000174,E08000017,82.4
E07000174,E08000018,82.4
E07000174,E07000034,82.3
E07000174,E08000010,82.3
E07000174,E08000033,81.3
E07000174,E08000032,81.2
E07000175,E07000171,80.6
E07000175,E06000013,76.3
E07000175,E07000218,75.7
E07000175,E06000061,75.1
E07000175,E07000142,73.4
E07000175,E07000039,73.2
E07000175,E07000143,72.3
E07000175,W06000005,70.8
E07000175,E07000011,70.2
E07000175,E10000020,69.8
E07000176,E07000131,72.3
E07000176,E07000179,70.5
E07000176,E07000012,70.4
E07000176,E07000221,69.1
E07000176,E07000180,68.5
E07000176,E07000077,67.4
E07000176,E07000144,66.4
E07000176,E06000056,65.7
E07000176,E07000181,65.5
E07000176,E07000089,65.5
E07000177,E07000093,88.2
E07000177,E07000141,86.6
E07000177,E07000083,85.3
E07000177,E07000197,84.8
E07000177,E10000013,84.4
E07000177,E07000084,84.4
E07000177,E10000025,83.8
E07000177,E10000018,83.8
E07000177,E10000031,83.6
E07000177,E06000054,83.1
E07000178,E07000008,82.0
E07000178,E07000078,79.6
E07000178,E09000001,77.8
E07000178,E07000041,73.8
E07000178,E07000212,71.1
E07000178,E07000106,68.5
E07000178,E07000237,68.3
E07000178,E07000138,66.9
E07000178,E07000241,65.6
E07000178,E07000061,64.8
E07000179,E06000060,85.9
E07000179,E07000242,85.6
E07000179,E07000181,84.9
E07000179,E07000116,84.9
E07000179,E07000089,84.8
E07000179,E07000131,84.6
E07000179,E07000215,84.5
E07000179,E07000085,84.2
E07000179,E07000065,83.4
E07000179,E06000056,82.9
E07000180,E07000085,84.4
E07000180,E06000037,82.0
E07000180,E07000181,81.8
E07000180,E07000094,81.6
E07000180,E07000179,81.3
E07000180,E07000194,80.4
E07000180,E10000025,79.8
E07000180,E07000242,79.7
E07000180,E07000216,79.1
E07000180,E07000209,77.6
E07000181,E07000094,89.2
E07000181,E06000037,84.8
E07000181,E07000179,84.6
E07000181,E07000139,83.1
E07000181,E10000025,82.5
E07000181,E07000180,81.4
E07000181,E07000221,81.0
E07000181,E07000131,80.9
E07000181,E07000085,78.8
E07000181,E06000054,78.4
E07000192,E07000199,85.8
E07000192,E07000219,85.2
E07000192,E08000002,82.3
E07000192,E07000239,82.3
E07000192,E07000195,82.1
E07000192,E07000036,81.0
E07000192,E08000007,79.6
E07000192,E07000224,79.5
E07000192,E07000095,79.4
E07000192,E07000236,79.1
E07000193,E10000024,87.6
E07000193,E07000195,85.6
E07000193,E10000028,84.9
E07000193,E06000050,83.3
E07000193,E07000032,82.3
E07000193,E07000239,82.2
E07000193,E10000007,82.0
E07000193,E10000029,81.0
E07000193,E10000017,80.6
E07000193,E06000055,80.5
E07000194,E07000039,85.1
E07000194,E07000085,85.0
E07000194,E07000141,83.8
E07000194,E07000084,83.5
E07000194,E07000197,83.3
E07000194,E07000177,83.0
E07000194,E10000018,82.9
E07000194,E07000093,82.8
E07000194,E10000031,82.6
E07000194,E06000062,82.5
E07000195,E10000028,88.0
E07000195,E07000239,87.8
E07000195,E07000032,87.1
E07000195,E10000007,85.6
E07000195,E07000193,85.2
E07000195,E10000024,84.9
E07000195,E07000038,84.6
E07000195,E10000034,83.9
E07000195,E10000017,82.9
E07000195,E07000192,82.5
E07000196,E10000018,86.3
E07000196,E07000132,83.2
E07000196,E06000056,81.6
E07000196,E07000039,81.6
E07000196,E06000054,81.4
E07000196,E07000197,81.0
E07000196,E10000031,80.5
E07000196,E07000194,80.1
E07000196,E07000083,79.6
E07000196,E47000012,79.5
E07000197,E06000054,85.5
E07000197,E10000025,85.4
E07000197,E10000018,85.2
E07000197,E07000177,84.4
E07000197,E10000013,83.8
E07000197,E47000012,83.2
E07000197,E07000084,82.6
E07000197,E07000194,82.5
E07000197,E07000234,82.3
E07000197,E07000083,82.1
E07000198,E07000220,73.9
E07000198,W06000021,73.8
E07000198,W06000006,73.3
E07000198,E07000128,73.1
E07000198,E07000193,72.9
E07000198,E07000141,71.4
E07000198,E06000064,71.4
E07000198,E10000028,71.1
E07000198,E06000050,71.0
E07000198,E06000011,71.0
E07000199,E07000219,88.4
E07000199,E07000192,85.7
E07000199,E07000236,84.4
E07000199,E08000002,82.5
E07000199,E08000027,82.3
E07000199,E08000007,82.1
E07000199,E09000016,80.1
E07000199,E06000058,79.9
E07000199,E07000095,79.4
E07000199,E07000088,78.7
E07000200,E07000149,88.1
E07000200,E07000203,87.5
E07000200,E07000074,78.9
E07000200,E07000009,78.0
E07000200,E07000144,77.9
E07000200,E07000225,77.6
E07000200,E07000067,77.0
E07000200,E07000065,76.9
E07000200,E07000039,76.3
E07000200,E07000143,76.2
E07000202,E09000010,87.7
E07000202,E07000148,87.4
E07000202,E06000033,83.9
E07000202,E06000032,83.7
E07000202,E07000062,82.9
E07000202,E09000008,82.0
E07000202,E06000035,82.0
E07000202,E06000043,81.4
E07000202,E08000026,80.4
E07000202,E08000027,78.2
E07000203,E07000149,88.5
E07000203,E07000200,87.2
E07000203,E07000225,74.7
E07000203,E07000065,74.6
E07000203,E07000238,74.4
E07000203,E07000144,74.2
E07000203,E10000003,73.4
E07000203,E07000143,73.3
E07000203,E07000142,73.1
E07000203,E07000221,72.9
E07000207,E06000040,89.0
E07000207,E10000030,86.9
E07000207,E07000240,86.9
E07000207,E07000214,85.9
E07000207,E07000211,85.2
E07000207,E07000102,83.9
E07000207,E07000210,82.7
E07000207,E07000228,81.9
E07000207,E07000208,81.7
E07000207,E07000216,80.8
E07000208,E09000027,92.0
E07000208,E07000211,88.4
E07000208,E09000006,86.5
E07000208,E07000102,86.5
E07000208,E07000087,85.8
E07000208,E07000240,85.4
E07000208,E06000040,85.4
E07000208,E07000217,84.8
E07000208,E10000030,84.3
E07000208,E06000036,84.1
E07000209,E07000070,84.9
E07000209,E10000025,84.5
E07000209,E06000037,84.3
E07000209,E07000222,83.5
E07000209,E10000030,82.5
E07000209,E07000093,82.4
E07000209,E07000228,82.1
E07000209,E07000210,81.9
E07000209,E07000216,81.8
E07000209,E07000242,80.8
E07000210,E07000216,88.4
E07000210,E10000030,86.7
E07000210,E06000060,85.2
E07000210,E06000037,84.7
E07000210,E06000040,84.2
E07000210,E07000215,84.2
E07000210,E07000214,84.0
E07000210,E07000228,82.5
E07000210,E07000207,82.2
E07000210,E07000085,82.2
E07000211,E07000102,94.6
E07000211,E10000030,90.9
E07000211,E06000040,89.5
E07000211,E07000208,88.4
E07000211,E09000006,87.7
E07000211,E07000240,86.9
E07000211,E07000217,86.5
E07000211,E07000214,85.2
E07000211,E07000207,85.1
E07000211,E06000036,84.8
E07000212,E07000078,82.1
E07000212,E07000211,80.1
E07000212,E07000102,78.9
E07000212,E10000030,78.1
E07000212,E07000106,78.0
E07000212,E07000241,77.6
E07000212,E06000036,77.5
E07000212,E06000022,76.9
E07000212,E07000092,76.0
E07000212,E07000208,75.8
E07000213,E09000016,91.4
E07000213,E07000092,90.4
E07000213,E07000223,87.5
E07000213,E07000069,86.8
E07000213,E06000058,86.5
E07000213,E07000229,86.2
E07000213,E09000003,84.3
E07000213,E06000042,83.7
E07000213,E07000095,83.5
E07000213,E07000103,83.2
E07000214,E06000040,90.9
E07000214,E10000030,90.7
E07000214,E07000240,90.1
E07000214,E06000060,86.7
E07000214,E07000228,85.9
E07000214,E07000207,85.5
E07000214,E07000215,85.4
E07000214,E07000211,84.8
E07000214,E07000102,84.2
E07000214,E10000014,83.9
E07000215,E06000060,90.7
E07000215,E07000111,89.5
E07000215,E07000116,88.6
E07000215,E07000214,85.6
E07000215,E07000210,84.3
E07000215,E07000115,83.9
E07000215,E07000179,83.8
E07000215,E07000065,82.4
E07000215,E06000056,82.3
E07000215,E10000030,82.2
E07000216,E07000210,88.7
E07000216,E06000037,86.8
E07000216,E07000089,83.9
E07000216,E07000214,83.3
E07000216,E07000228,82.9
E07000216,E07000085,82.8
E07000216,E10000030,82.8
E07000216,E07000242,82.4
E07000216,E07000209,82.0
E07000216,E06000060,81.9
E07000217,E09000006,88.0
E07000217,E07000087,87.0
E07000217,E06000036,86.6
E07000217,E07000211,86.2
E07000217,E07000135,85.9
E07000217,E07000240,85.6
E07000217,E07000075,85.5
E07000217,E07000086,85.1
E07000217,E07000102,85.0
E07000217,E06000040,84.6
E07000218,E07000175,76.2
E07000218,E07000009,75.7
E07000218,E07000142,73.5
E07000218,E07000200,72.7
E07000218,E07000221,72.3
E07000218,E07000039,72.3
E07000218,E07000140,71.7
E07000218,E07000238,71.6
E07000218,E07000074,71.5
E07000218,E07000045,71.1
E07000219,E07000199,88.3
E07000219,E08000002,87.1
E07000219,E07000236,85.0
E07000219,E07000192,84.8
E07000219,E07000170,84.3
E07000219,E08000027,83.5
E07000219,E07000036,82.8
E07000219,E08000007,82.4
E07000219,E07000034,81.7
E07000219,E06000020,80.7
E07000220,E07000141,85.9
E07000220,E10000028,85.0
E07000220,E10000029,83.5
E07000220,E07000032,83.4
E07000220,E10000031,83.1
E07000220,E10000007,82.8
E07000220,E07000083,82.5
E07000220,E07000132,81.5
E07000220,E07000177,81.2
E07000220,E07000084,80.7
E07000221,E07000077,82.8
E07000221,E07000139,82.2
E07000221,E07000181,80.8
E07000221,E07000094,80.8
E07000221,E07000079,79.8
E07000221,E07000227,79.3
E07000221,E07000131,79.3
E07000221,E07000009,78.6
E07000221,E07000012,78.2
E07000221,E10000003,76.8
E07000222,E07000234,90.3
E07000222,E07000070,85.9
E07000222,E10000014,85.5
E07000222,E07000099,84.8
E07000222,E10000030,84.7
E07000222,E07000084,84.1
E07000222,E07000228,83.3
E07000222,E06000040,83.2
E07000222,E07000209,83.0
E07000222,E06000025,82.7
E07000223,E09000016,89.2
E07000223,E07000095,89.0
E07000223,E07000213,87.5
E07000223,E06000058,86.1
E07000223,E07000069,86.0
E07000223,E07000092,85.9
E07000223,E07000224,84.2
E07000223,E06000042,84.0
E07000223,E07000107,83.5
E07000223,E09000017,82.8
E07000224,E07000110,85.7
E07000224,E07000063,85.4
E07000224,E10000011,84.7
E07000224,E10000016,84.7
E07000224,E10000012,83.9
E07000224,E07000223,83.6
E07000224,E10000032,83.3
E07000224,E07000095,83.2
E07000224,E07000069,81.5
E07000224,E07000107,81.1
E07000225,E07000238,79.0
E07000225,E06000054,78.5
E07000225,E06000059,78.3
E07000225,E10000003,77.4
E07000225,E07000149,77.1
E07000225,E07000200,76.5
E07000225,W06000021,76.3
E07000225,E07000065,76.0
E07000225,E07000039,75.1
E07000225,E07000235,74.8
E07000226,E07000073,85.3
E07000226,E07000095,84.3
E07000226,E09000017,84.2
E07000226,E07000107,82.4
E07000226,E09000018,81.3
E07000226,E07000243,80.3
E07000226,E07000223,79.8
E07000226,E06000034,78.4
E07000226,E09000016,77.6
E07000226,E07000066,77.4
E07000227,E07000131,82.6
E07000227,E07000139,82.6
E07000227,E06000056,81.6
E07000227,E07000179,81.2
E07000227,E07000144,81.0
E07000227,E07000221,80.7
E07000227,E07000094,80.6
E07000227,E07000009,80.2
E07000227,E07000115,80.1
E07000227,E07000111,80.0
E07000228,E07000242,88.2
E07000228,E07000240,87.9
E07000228,E06000040,87.3
E07000228,E10000030,87.2
E07000228,E07000099,87.0
E07000228,E07000214,86.0
E07000228,E10000014,85.6
E07000228,E07000070,85.2
E07000228,E07000075,85.1
E07000228,E07000234,83.6
E07000229,E09000016,87.7
E07000229,E07000092,86.4
E07000229,E07000213,86.4
E07000229,E07000103,86.0
E07000229,E06000043,85.8
E07000229,E09000015,85.5
E07000229,E06000058,84.9
E07000229,E09000003,84.9
E07000229,E06000038,83.3
E07000229,E09000026,83.1
E07000234,E07000222,90.3
E07000234,E07000099,86.6
E07000234,E10000014,86.6
E07000234,E07000084,85.5
E07000234,E10000030,85.3
E07000234,E06000040,84.6
E07000234,E06000060,83.8
E07000234,E07000228,83.4
E07000234,E07000083,83.1
E07000234,E10000018,83.1
E07000235,E06000059,81.3
E07000235,E07000238,79.5
E07000235,E06000066,79.2
E07000235,E10000008,77.9
E07000235,E07000133,77.3
E07000235,E06000054,77.2
E07000235,E06000019,76.5
E07000235,E06000051,76.4
E07000235,E07000040,75.6
E07000235,W06000021,75.2
E07000236,E07000090,86.1
E07000236,E07000219,85.1
E07000236,E08000027,84.5
E07000236,E07000199,84.4
E07000236,E08000002,83.5
E07000236,E08000007,83.5
E07000236,E07000036,82.9
E07000236,E08000019,82.4
E07000236,E06000007,82.2
E07000236,E08000010,81.5
E07000237,E07000081,86.4
E07000237,W06000015,84.4
E07000237,E06000043,82.0
E07000237,E07000092,81.3
E07000237,E08000027,80.8
E07000237,E06000023,80.7
E07000237,E07000236,80.6
E07000237,E06000058,80.6
E07000237,E07000088,79.7
E07000237,E08000026,79.2
E07000238,E06000054,84.0
E07000238,E06000059,82.6
E07000238,E06000066,82.0
E07000238,E10000008,81.3
E07000238,E10000019,80.9
E07000238,E06000051,79.9
E07000238,E10000029,79.4
E07000238,E07000235,79.3
E07000238,E10000031,78.9
E07000238,E07000225,78.3
E07000239,E07000195,88.0
E07000239,W06000013,86.7
E07000239,E10000017,86.6
E07000239,E10000024,84.3
E07000239,E08000033,83.4
E07000239,E07000192,83.0
E07000239,E10000028,82.3
E07000239,E08000034,82.2
E07000239,E10000007,82.1
E07000239,E07000032,82.1
E07000240,E06000040,93.8
E07000240,E07000214,90.2
E07000240,E10000030,89.5
E07000240,E07000075,88.8
E07000240,E07000228,88.0
E07000240,E06000041,87.8
E07000240,E07000211,86.7
E07000240,E07000207,86.7
E07000240,E07000102,86.0
E07000240,E07000099,85.9
E07000241,E07000096,88.0
E07000241,E10000015,86.9
E07000241,E07000098,84.0
E07000241,E07000092,82.5
E07000241,E06000042,82.1
E07000241,E07000130,81.5
E07000241,E06000036,81.4
E07000241,E07000106,81.2
E07000241,E07000213,80.4
E07000241,E10000032,80.0
E07000242,E07000228,88.4
E07000242,E07000179,85.1
E07000242,E07000116,84.5
E07000242,E07000089,84.4
E07000242,E06000060,84.1
E07000242,E07000099,83.7
E07000242,E10000025,83.3
E07000242,E07000085,83.1
E07000242,E07000240,83.1
E07000242,E07000070,83.0
E07000243,E06000039,84.7
E07000243,E07000073,84.5
E07000243,E07000226,81.0
E07000243,E07000061,80.5
E07000243,E09000018,79.4
E07000243,E06000038,78.4
E07000243,E09000011,77.3
E07000243,E09000009,77.2
E07000243,E09000017,77.2
E07000243,E06000044,76.1
E07000244,E10000020,84.1
E07000244,E10000011,83.4
E07000244,E10000016,82.8
E07000244,E10000019,82.4
E07000244,E10000012,82.3
E07000244,E10000029,82.2
E07000244,E07000105,81.7
E07000244,E06000055,81.0
E07000244,E07000067,80.4
E07000244,E07000110,80.1
E07000245,E07000064,68.6
E07000245,E10000029,68.3
E07000245,E07000220,65.6
E07000245,E07000193,65.1
E07000245,E10000020,64.9
E07000245,E07000198,64.9
E07000245,E07000146,64.6
E07000245,E07000108,62.8
E07000245,E10000024,61.4
E07000245,W06000021,61.3
E08000001,E47000001,91.5
E08000001,E08000032,88.8
E08000001,E08000004,88.4
E08000001,E08000005,87.9
E08000001,E47000004,86.6
E08000001,E08000015,86.4
E08000001,E08000023,86.2
E08000001,E08000008,86.2
E08000001,E08000030,86.0
E08000001,E06000006,85.4
E08000002,E08000007,88.5
E08000002,E07000219,86.9
E08000002,E08000022,85.4
E08000002,E07000036,84.3
E08000002,E07000034,84.1
E08000002,E08000010,84.0
E08000002,E08000027,83.4
E08000002,E47000003,83.3
E08000002,E07000236,83.1
E08000002,E07000199,82.0
E08000003,E06000018,88.4
E08000003,E08000025,87.0
E08000003,E08000012,86.9
E08000003,E08000006,83.4
E08000003,E08000031,80.8
E08000003,E06000009,77.8
E08000003,E06000016,77.6
E08000003,E06000010,77.0
E08000003,S12000049,76.7
E08000003,E08000021,76.3
E08000004,E06000008,90.7
E08000004,E47000001,89.6
E08000004,E08000005,89.0
E08000004,E08000032,88.6
E08000004,E08000001,88.5
E08000004,E47000004,87.8
E08000004,E08000030,87.7
E08000004,E08000008,87.6
E08000004,E08000006,86.1
E08000004,E08000019,85.5
E08000005,E08000008,92.0
E08000005,E08000032,91.5
E08000005,E08000004,88.9
E08000005,E47000001,88.6
E08000005,E08000001,88.0
E08000005,E06000008,87.6
E08000005,E08000030,86.2
E08000005,E08000023,85.7
E08000005,E07000120,85.1
E08000005,E08000015,84.8
E08000006,E47000001,88.7
E08000006,E47000004,88.4
E08000006,E08000031,87.2
E08000006,E08000004,86.5
E08000006,E08000025,84.6
E08000006,E08000001,84.4
E08000006,E08000012,84.3
E08000006,E08000008,84.1
E08000006,E06000015,83.6
E08000006,E07000123,83.5
E08000007,E08000002,88.5
E08000007,E07000036,85.1
E08000007,E06000007,83.7
E08000007,E07000236,83.1
E08000007,E08000022,82.2
E08000007,E07000219,82.1
E08000007,E07000199,81.6
E08000007,E08000029,81.5
E08000007,E08000027,81.1
E08000007,E07000192,78.7
E08000008,E08000005,91.9
E08000008,E47000001,89.9
E08000008,E08000032,87.8
E08000008,E08000004,87.4
E08000008,E08000023,87.3
E08000008,E08000001,86.2
E08000008,E08000030,85.8
E08000008,E08000024,84.2
E08000008,E08000019,84.0
E08000008,E06000008,84.0
E08000009,E07000172,83.3
E08000009,E07000126,81.1
E08000009,E07000036,80.1
E08000009,E08000007,79.7
E08000009,E06000007,79.5
E08000009,E08000029,78.6
E08000009,E07000135,78.2
E08000009,E07000173,77.9
E08000009,E07000032,76.8
E08000009,E08000002,76.8
E08000010,E08000034,89.1
E08000010,E08000015,86.8
E08000010,E47000003,86.3
E08000010,E47000002,85.9
E08000010,E08000019,85.6
E08000010,E08000002,84.6
E08000010,E07000034,83.4
E08000010,E08000027,82.7
E08000010,E47000001,82.3
E08000010,E07000174,81.7
E08000011,E08000032,81.3
E08000011,E08000001,81.2
E08000011,E07000120,80.9
E08000011,E08000005,80.9
E08000011,E08000030,80.0
E08000011,E06000021,79.4
E08000011,E08000004,78.5
E08000011,E06000008,78.4
E08000011,E08000008,78.4
E08000011,E06000006,78.2
E08000012,E08000025,89.6
E08000012,E08000031,87.2
E08000012,E08000003,86.1
E08000012,E08000006,84.7
E08000012,E47000004,82.0
E08000012,E06000009,81.7
E08000012,E08000028,80.7
E08000012,E06000010,80.6
E08000012,E08000004,79.5
E08000012,E08000030,78.8
E08000013,E08000014,78.1
E08000013,E07000123,76.5
E08000013,E47000004,74.6
E08000013,E08000017,71.4
E08000013,E06000021,71.1
E08000013,E07000117,71.1
E08000013,E47000002,70.4
E08000013,E08000018,70.4
E08000013,E07000034,70.4
E08000013,S12000042,69.7
E08000014,E07000123,78.8
E08000014,E08000013,76.9
E08000014,S12000042,74.7
E08000014,E08000021,74.5
E08000014,E07000034,72.9
E08000014,E47000004,72.4
E08000014,E07000138,71.6
E08000014,S12000039,69.3
E08000014,E08000006,69.1
E08000014,E08000035,68.5
E08000015,E08000010,86.9
E08000015,E47000001,86.4
E08000015,E08000001,86.2
E08000015,E08000005,84.5
E08000015,E08000008,83.2
E08000015,E06000006,83.1
E08000015,E08000032,83.0
E08000015,E47000003,82.9
E08000015,E47000004,82.8
E08000015,E08000034,82.4
E08000016,E08000017,84.2
E08000016,E08000036,80.2
E08000016,E47000002,76.1
E08000016,E07000174,75.5
E08000016,E08000034,75.4
E08000016,E08000018,73.4
E08000016,W06000020,72.8
E08000016,E07000034,72.3
E08000016,E08000015,71.9
E08000016,E06000006,71.8
E08000017,E08000036,88.4
E08000017,E47000002,86.4
E08000017,E08000018,85.8
E08000017,E08000016,83.9
E08000017,E07000174,82.8
E08000017,E08000034,81.6
E08000017,E47000003,81.1
E08000017,E08000032,80.5
E08000017,E07000117,79.9
E08000017,E47000006,79.8
E08000018,E47000002,88.8
E08000018,E47000003,87.3
E08000018,E47000006,86.9
E08000018,E08000032,86.8
E08000018,E08000017,85.3
E08000018,E07000120,85.0
E08000018,E08000036,84.5
E08000018,E08000034,83.4
E08000018,E07000122,83.4
E08000018,E08000019,82.6
E08000019,E08000035,89.4
E08000019,E47000003,88.8
E08000019,E47000001,87.9
E08000019,E47000002,85.8
E08000019,E08000010,85.2
E08000019,E08000004,84.6
E08000019,E08000001,84.5
E08000019,E07000034,84.4
E08000019,E08000027,83.6
E08000019,E08000008,83.3
E08000021,E07000123,81.2
E08000021,E08000006,79.9
E08000021,E07000138,77.6
E08000021,S12000049,77.4
E08000021,E06000018,76.8
E08000021,E06000015,76.7
E08000021,E47000004,76.5
E08000021,E08000035,75.9
E08000021,S12000039,75.6
E08000021,E08000014,74.6
E08000022,E08000002,85.4
E08000022,E08000007,82.3
E08000022,E07000034,79.4
E08000022,E07000036,79.3
E08000022,E47000003,78.9
E08000022,E06000004,78.4
E08000022,E08000035,78.3
E08000022,E08000034,78.0
E08000022,E06000007,77.8
E08000022,E08000010,77.8
E08000023,E08000024,90.6
E08000023,E08000008,87.0
E08000023,E47000001,86.8
E08000023,E08000032,86.3
E08000023,E08000001,85.9
E08000023,E08000005,85.3
E08000023,E08000004,84.4
E08000023,E47000003,82.4
E08000023,E08000006,82.1
E08000023,E08000035,81.2
E08000024,E08000023,90.5
E08000024,E08000001,84.6
E08000024,E08000032,84.4
E08000024,E47000001,84.0
E08000024,E08000008,83.8
E08000024,E47000003,82.6
E08000024,E08000035,82.5
E08000024,E08000005,82.5
E08000024,E07000122,81.8
E08000024,E08000018,80.7
E08000025,E08000012,89.7
E08000025,E08000031,87.4
E08000025,E08000003,86.3
E08000025,E08000006,85.0
E08000025,E06000010,83.5
E08000025,E06000018,83.3
E08000025,E06000015,81.1
E08000025,E47000004,80.7
E08000025,E08000028,80.6
E08000025,E06000009,79.5
E08000026,E06000023,87.8
E08000026,E06000045,86.4
E08000026,E06000032,84.9
E08000026,E09000010,84.5
E08000026,E06000016,84.1
E08000026,E08000027,82.8
E08000026,E06000044,82.4
E08000026,E12000007,81.3
E08000026,E07000138,80.7
E08000026,E07000088,80.7
E08000027,E07000236,84.7
E08000027,E08000019,84.1
E08000027,E08000002,84.0
E08000027,E07000219,83.9
E08000027,E08000010,82.7
E08000027,E47000001,82.5
E08000027,E07000199,82.5
E08000027,E06000015,82.1
E08000027,E07000081,82.0
E08000027,E08000007,81.8
E08000028,E08000031,87.5
E08000028,E08000030,84.1
E08000028,E06000010,83.9
E08000028,E08000008,83.6
E08000028,E06000021,82.2
E08000028,E08000005,82.0
E08000028,E08000012,81.0
E08000028,E08000032,80.8
E08000028,E47000001,80.7
E08000028,E08000025,80.7
E08000029,E06000030,88.4
E08000029,E06000042,87.2
E08000029,E06000007,85.2
E08000029,E10000034,83.7
E08000029,E08000007,82.3
E08000029,E06000024,82.0
E08000029,E10000028,81.8
E08000029,E10000015,81.6
E08000029,E07000036,81.2
E08000029,E07000038,81.0
E08000030,E08000004,88.0
E08000030,E08000031,86.8
E08000030,E08000005,86.6
E08000030,E08000001,86.5
E08000030,E08000008,86.4
E08000030,E47000001,85.6
E08000030,E06000008,84.3
E08000030,E08000032,84.3
E08000030,E08000028,83.4
E08000030,E08000019,82.3
E08000031,E08000006,87.5
E08000031,E08000028,87.4
E08000031,E08000030,87.3
E08000031,E08000012,87.3
E08000031,E08000025,87.3
E08000031,E47000004,86.6
E08000031,E47000001,86.2
E08000031,E08000004,85.7
E08000031,E06000010,85.0
E08000031,E08000001,84.7
E08000032,E08000005,91.4
E08000032,E08000001,88.8
E08000032,E07000117,88.7
E08000032,E08000004,88.5
E08000032,E06000008,88.4
E08000032,E07000120,88.2
E08000032,E08000008,87.8
E08000032,E47000001,87.7
E08000032,E08000018,86.7
E08000032,E08000023,86.5
E08000033,E06000005,89.0
E08000033,E47000003,87.1
E08000033,E07000122,87.0
E08000033,E47000010,86.5
E08000033,E08000034,84.7
E08000033,E07000239,83.4
E08000033,E10000017,83.0
E08000033,E08000002,82.6
E08000033,E47000002,81.9
E08000033,E08000018,81.8
E08000034,E08000010,89.4
E08000034,E47000002,89.0
E08000034,E07000174,88.4
E08000034,E08000036,88.2
E08000034,E47000003,87.6
E08000034,E07000034,85.9
E08000034,E08000033,84.5
E08000034,E08000018,83.5
E08000034,E08000002,83.2
E08000034,E08000015,82.7
E08000035,E08000019,89.6
E08000035,E47000003,89.1
E08000035,E47000001,85.3
E08000035,E06000015,84.2
E08000035,E08000001,83.9
E08000035,E07000034,83.1
E08000035,E47000002,83.0
E08000035,E08000024,82.5
E08000035,E08000002,81.6
E08000035,E08000023,81.1
E08000036,E47000002,89.0
E08000036,E08000034,88.2
E08000036,E08000017,88.1
E08000036,E07000174,86.6
E08000036,E47000003,84.8
E08000036,E08000018,84.7
E08000036,E07000034,83.3
E08000036,E08000010,81.3
E08000036,W06000020,80.8
E08000036,E07000239,80.5
E08000037,E47000010,81.7
E08000037,E06000005,81.2
E08000037,E08000024,81.1
E08000037,E47000011,80.4
E08000037,E06000004,80.0
E08000037,E47000003,79.3
E08000037,E08000035,78.9
E08000037,E08000018,78.4
E08000037,E47000006,78.2
E08000037,S12000050,77.8
E09000001,E07000008,81.7
E09000001,E07000178,80.5
E09000001,E07000078,67.2
E09000001,E07000041,65.8
E09000001,E07000212,64.3
E09000001,E07000106,61.2
E09000001,E07000138,60.9
E09000001,E06000038,59.8
E09000001,E09000007,59.5
E09000001,E07000237,59.4
E09000002,E06000032,81.7
E09000002,E06000016,81.0
E09000002,E09000010,79.1
E09000002,E06000044,78.9
E09000002,E07000062,78.0
E09000002,E06000045,77.7
E09000002,E09000011,77.6
E09000002,E09000031,76.3
E09000002,E09000023,76.0
E09000002,E09000014,75.9
E09000003,E07000103,93.8
E09000003,E09000015,89.5
E09000003,E07000092,86.1
E09000003,E07000229,85.2
E09000003,E09000029,85.1
E09000003,E07000213,84.9
E09000003,E09000024,84.5
E09000003,E09000004,83.7
E09000003,E06000043,83.5
E09000003,E09000016,83.3
E09000004,E09000024,86.9
E09000004,E09000016,84.4
E09000004,E07000103,84.3
E09000004,E09000029,84.3
E09000004,E09000003,83.6
E09000004,E09000015,83.4
E09000004,E07000069,83.0
E09000004,E07000095,81.8
E09000004,E07000213,81.7
E09000004,E07000223,81.1
E09000005,E09000011,86.4
E09000005,E09000023,85.5
E09000005,E09000031,85.1
E09000005,E06000044,83.7
E09000005,E09000009,82.6
E09000005,E12000007,81.9
E09000005,E09000018,80.5
E09000005,E06000045,78.6
E09000005,E06000032,78.3
E09000005,E09000028,77.7
E09000006,E07000217,87.6
E09000006,E07000102,87.3
E09000006,E07000211,87.1
E09000006,E07000208,85.8
E09000006,E09000027,85.3
E09000006,E10000015,83.7
E09000006,E07000075,83.6
E09000006,E07000240,83.4
E09000006,E07000135,83.4
E09000006,E07000213,83.3
E09000007,E09000033,88.2
E09000007,E09000013,73.0
E09000007,E09000028,71.2
E09000007,E09000022,68.1
E09000007,E09000020,65.9
E09000007,E09000001,63.6
E09000007,E09000032,63.4
E09000007,E09000030,62.2
E09000007,E09000019,59.2
E09000007,E07000178,58.8
E09000008,E12000007,87.8
E09000008,E06000038,87.5
E09000008,E09000009,86.9
E09000008,E09000010,86.5
E09000008,E06000033,85.9
E09000008,E06000032,85.4
E09000008,E06000043,84.6
E09000008,E09000026,83.2
E09000008,E09000018,83.0
E09000008,E07000103,82.7
E09000009,E12000007,88.7
E09000009,E09000018,87.5
E09000009,E09000011,87.3
E09000009,E09000008,87.3
E09000009,E09000026,84.5
E09000009,E06000032,84.5
E09000009,E09000031,83.2
E09000009,E06000044,82.8
E09000009,E06000038,82.1
E09000009,E09000010,81.8
E09000010,E06000032,90.9
E09000010,E07000202,87.4
E09000010,E09000008,86.2
E09000010,E08000026,84.5
E09000010,E07000062,83.0
E09000010,E08000027,82.5
E09000010,E06000033,81.8
E09000010,E12000007,81.6
E09000010,E07000088,81.6
E09000010,E06000043,81.6
E09000011,E06000044,88.1
E09000011,E09000009,87.7
E09000011,E09000031,86.5
E09000011,E09000018,86.4
E09000011,E09000005,86.0
E09000011,E12000007,85.9
E09000011,E09000023,84.1
E09000011,E06000032,83.0
E09000011,E06000045,81.6
E09000011,E09000008,80.2
E09000012,E09000019,88.0
E09000012,E09000030,84.2
E09000012,E09000022,78.0
E09000012,E09000028,76.8
E09000012,E09000023,71.6
E09000012,E09000013,71.5
E09000012,E09000025,71.5
E09000012,E09000014,70.1
E09000012,E09000005,66.8
E09000012,E09000031,64.9
E09000013,E09000022,85.8
E09000013,E09000028,85.0
E09000013,E09000032,82.0
E09000013,E09000020,79.5
E09000013,E09000033,77.2
E09000013,E09000005,76.9
E09000013,E09000023,72.3
E09000013,E12000007,70.7
E09000013,E09000019,69.0
E09000013,E09000014,68.9
E09000014,E09000023,84.8
E09000014,E09000025,77.7
E09000014,E09000011,77.2
E09000014,E09000009,76.9
E09000014,E09000031,76.4
E09000014,E09000005,76.0
E09000014,E09000002,75.9
E09000014,E06000044,75.3
E09000014,E06000032,74.7
E09000014,E12000007,72.9
E09000015,E07000103,89.7
E09000015,E09000003,89.6
E09000015,E09000024,86.1
E09000015,E09000029,86.1
E09000015,E07000229,86.0
E09000015,E09000026,85.2
E09000015,E09000004,83.9
E09000015,E07000213,83.4
E09000015,E09000016,82.9
E09000015,E07000092,81.2
E09000016,E07000213,91.3
E09000016,E07000223,89.2
E09000016,E07000069,88.6
E09000016,E07000095,87.8
E09000016,E07000229,87.5
E09000016,E07000092,87.2
E09000016,E06000058,85.2
E09000016,E09000004,83.9
E09000016,E07000103,83.3
E09000016,E09000003,82.6
E09000017,E07000107,84.3
E09000017,E07000226,83.7
E09000017,E07000095,83.3
E09000017,E07000223,83.1
E09000017,E07000092,81.9
E09000017,E07000066,80.5
E09000017,E06000058,80.1
E09000017,E09000016,79.9
E09000017,E07000103,78.5
E09000017,E07000213,78.5
E09000018,E09000009,87.7
E09000018,E09000011,86.2
E09000018,E12000007,86.0
E09000018,E09000008,83.8
E09000018,E06000038,83.3
E09000018,E09000026,83.3
E09000018,E07000073,83.0
E09000018,E09000031,82.4
E09000018,E07000226,81.7
E09000018,E06000044,81.4
E09000019,E09000012,88.4
E09000019,E09000030,87.8
E09000019,E09000022,78.5
E09000019,E09000028,75.6
E09000019,E09000013,72.7
E09000019,E09000023,67.2
E09000019,E09000025,67.1
E09000019,E09000020,65.9
E09000019,E09000032,64.6
E09000019,E09000014,64.4
E09000020,E09000013,79.8
E09000020,E09000032,74.0
E09000020,E09000033,71.5
E09000020,E09000022,68.7
E09000020,E09000028,67.3
E09000020,E09000014,64.8
E09000020,E09000005,62.8
E09000020,E09000019,61.7
E09000020,E09000023,61.6
E09000020,E09000012,61.2
E09000021,E09000029,89.0
E09000021,E09000027,84.9
E09000021,E09000024,81.3
E09000021,E07000208,80.6
E09000021,E07000087,80.0
E09000021,E09000006,80.0
E09000021,E09000003,79.9
E09000021,E06000036,79.5
E09000021,E09000004,79.2
E09000021,E07000086,78.9
E09000022,E09000028,90.5
E09000022,E09000013,86.0
E09000022,E09000005,79.5
E09000022,E09000023,76.6
E09000022,E09000012,76.2
E09000022,E09000019,76.1
E09000022,E09000032,73.8
E09000022,E09000031,71.9
E09000022,E09000030,71.8
E09000022,E09000011,70.1
E09000023,E09000031,88.5
E09000023,E09000005,85.8
E09000023,E09000014,85.0
E09000023,E09000011,84.9
E09000023,E09000009,81.8
E09000023,E09000025,80.9
E09000023,E06000044,79.4
E09000023,E12000007,77.0
E09000023,E06000032,76.9
E09000023,E09000018,76.6
E09000024,E09000029,88.4
E09000024,E09000004,87.7
E09000024,E09000015,86.6
E09000024,E07000103,85.8
E09000024,E09000003,85.2
E09000024,E09000021,81.2
E09000024,E09000026,80.5
E09000024,E09000016,78.3
E09000024,E07000213,78.0
E09000024,E07000135,77.9
E09000025,E09000023,82.3
E09000025,E09000014,79.6
E09000025,E09000031,76.4
E09000025,E09000011,75.2
E09000025,E09000005,74.1
E09000025,E09000002,71.0
E09000025,E06000039,70.9
E09000025,E06000044,70.8
E09000025,E09000009,70.1
E09000025,E09000028,70.0
E09000026,E07000103,88.0
E09000026,E09000015,85.4
E09000026,E12000007,85.0
E09000026,E09000009,84.8
E09000026,E09000008,84.0
E09000026,E07000229,84.0
E09000026,E09000003,83.9
E09000026,E09000018,83.4
E09000026,E06000038,82.7
E09000026,E09000004,80.6
E09000027,E07000208,92.1
E09000027,E09000006,86.1
E09000027,E07000087,85.0
E09000027,E09000021,84.5
E09000027,E07000211,83.8
E09000027,E07000217,83.5
E09000027,E09000029,82.5
E09000027,E07000240,82.5
E09000027,E07000102,81.8
E09000027,E06000041,81.3
E09000028,E09000022,90.4
E09000028,E09000013,85.2
E09000028,E09000005,80.0
E09000028,E09000023,76.1
E09000028,E09000012,74.9
E09000028,E09000032,74.6
E09000028,E09000019,72.7
E09000028,E09000011,72.6
E09000028,E09000030,72.5
E09000028,E09000033,72.2
E09000029,E09000021,88.7
E09000029,E09000024,88.2
E09000029,E09000015,86.3
E09000029,E09000003,85.5
E09000029,E09000004,84.9
E09000029,E07000103,83.4
E09000029,E09000006,82.5
E09000029,E09000027,82.4
E09000029,E07000092,81.3
E09000029,E07000135,81.2
E09000030,E09000019,88.0
E09000030,E09000012,84.9
E09000030,E09000028,75.8
E09000030,E09000022,75.1
E09000030,E09000013,71.1
E09000030,E09000033,66.8
E09000030,E09000025,66.5
E09000030,E09000020,65.1
E09000030,E09000023,64.2
E09000030,E09000032,63.0
E09000031,E09000023,88.1
E09000031,E09000011,86.7
E09000031,E09000005,85.0
E09000031,E09000009,84.2
E09000031,E09000018,83.1
E09000031,E06000032,80.2
E09000031,E06000044,79.9
E09000031,E12000007,78.8
E09000031,E09000014,76.0
E09000031,E09000002,76.0
E09000032,E09000013,81.1
E09000032,E12000007,77.6
E09000032,E09000026,75.8
E09000032,E09000009,75.1
E09000032,E07000103,74.6
E09000032,E09000005,74.6
E09000032,E09000003,73.7
E09000032,E09000024,73.2
E09000032,E09000015,73.0
E09000032,E09000028,73.0
E09000033,E09000007,87.7
E09000033,E09000013,79.4
E09000033,E09000028,74.5
E09000033,E09000020,73.9
E09000033,E09000022,71.8
E09000033,E09000032,69.2
E09000033,E09000030,65.4
E09000033,E09000019,62.2
E09000033,E09000005,61.8
E09000033,E09000001,60.6
E10000003,E07000039,81.9
E10000003,E07000139,81.2
E10000003,E07000011,80.8
E10000003,E07000194,80.7
E10000003,E10000031,80.2
E10000003,E07000134,80.2
E10000003,E06000062,79.5
E10000003,E07000094,79.0
E10000003,E10000025,78.8
E10000003,E07000196,78.5
E10000007,E07000032,92.9
E10000007,E10000028,90.8
E10000007,E07000038,88.6
E10000007,E10000024,87.1
E10000007,E07000195,86.0
E10000007,E06000050,85.7
E10000007,E10000034,85.1
E10000007,E10000031,84.1
E10000007,W06000005,84.0
E10000007,E06000061,83.5
E10000008,E06000066,90.8
E10000008,E06000059,88.8
E10000008,E06000051,83.8
E10000008,E07000043,83.4
E10000008,E07000040,81.6
E10000008,E07000238,81.3
E10000008,E07000045,79.8
E10000008,E06000054,78.4
E10000008,E07000042,78.0
E10000008,E07000235,77.7
E10000011,E10000016,92.2
E10000011,E06000055,87.1
E10000011,E10000012,87.0
E10000011,E07000110,85.9
E10000011,E07000105,85.6
E10000011,E07000063,85.3
E10000011,E07000224,84.8
E10000011,E07000244,83.5
E10000011,E10000017,81.6
E10000011,E07000109,81.5
E10000012,E07000063,90.4
E10000012,E07000071,89.1
E10000012,E07000110,88.7
E10000012,E10000031,88.1
E10000012,E10000032,87.5
E10000012,E10000011,87.1
E10000012,E10000016,87.1
E10000012,E06000055,86.7
E10000012,E07000067,85.8
E10000012,E06000062,84.8
E10000013,E10000034,88.2
E10000013,E10000031,86.6
E10000013,E10000014,85.5
E10000013,E10000012,84.3
E10000013,E07000084,84.2
E10000013,E06000055,83.8
E10000013,E10000032,83.6
E10000013,E06000062,83.6
E10000013,E07000177,83.3
E10000013,E07000063,83.3
E10000014,E07000084,92.0
E10000014,E07000099,88.8
E10000014,E10000032,88.2
E10000014,E10000015,87.3
E10000014,E07000234,86.3
E10000014,E10000013,86.1
E10000014,E07000070,85.7
E10000014,E10000030,85.1
E10000014,E07000222,85.1
E10000014,E06000025,85.0
E10000015,E07000096,93.7
E10000015,E07000098,89.5
E10000015,E10000032,87.6
E10000015,E10000014,87.5
E10000015,E07000241,86.9
E10000015,E06000042,85.8
E10000015,E07000130,85.7
E10000015,E07000102,85.5
E10000015,E07000099,85.2
E10000015,E07000084,85.0
E10000016,E10000011,92.0
E10000016,E06000055,89.4
E10000016,E07000110,88.5
E10000016,E10000012,86.7
E10000016,E07000105,85.1
E10000016,E07000224,84.4
E10000016,E07000071,84.2
E10000016,E10000017,83.7
E10000016,E07000063,83.4
E10000016,E07000244,82.4
E10000017,E07000239,86.4
E10000017,E10000016,84.1
E10000017,E10000024,84.0
E10000017,E06000055,83.0
E10000017,E10000007,82.9
E10000017,E07000195,82.9
E10000017,E07000032,82.8
E10000017,E08000033,82.7
E10000017,E10000034,82.5
E10000017,E07000036,82.1
E10000018,E07000132,89.7
E10000018,E07000196,86.2
E10000018,E07000083,85.9
E10000018,E07000197,85.7
E10000018,E07000130,85.5
E10000018,E06000056,85.2
E10000018,E07000141,84.6
E10000018,E06000014,84.4
E10000018,E07000177,83.9
E10000018,E07000084,83.9
E10000019,E10000020,86.9
E10000019,E10000029,85.6
E10000019,E06000055,84.0
E10000019,E07000244,82.6
E10000019,E10000024,81.5
E10000019,E10000007,80.7
E10000019,E10000031,80.6
E10000019,E07000238,80.6
E10000019,E06000061,80.5
E10000019,E06000062,80.4
E10000020,E10000019,87.1
E10000020,E10000029,85.8
E10000020,E07000244,84.5
E10000020,E07000143,82.1
E10000020,E07000140,79.2
E10000020,E07000064,78.7
E10000020,E06000055,78.2
E10000020,E07000136,78.1
E10000020,E06000061,78.0
E10000020,E10000024,77.1
E10000024,E07000193,87.3
E10000024,E10000007,86.8
E10000024,E10000028,85.8
E10000024,E06000061,85.8
E10000024,E07000032,85.8
E10000024,E07000195,85.0
E10000024,E07000239,84.1
E10000024,E10000017,84.0
E10000024,E06000055,82.8
E10000024,E06000050,82.7
E10000025,E06000037,86.6
E10000025,E07000197,85.2
E10000025,E07000209,83.3
E10000025,E07000177,83.1
E10000025,E06000060,82.6
E10000025,E10000013,82.1
E10000025,E10000018,82.0
E10000025,E07000242,81.9
E10000025,E06000054,81.5
E10000025,E07000181,80.8
E10000028,E10000007,90.8
E10000028,E07000032,90.2
E10000028,E10000034,88.8
E10000028,E07000195,88.3
E10000028,E06000050,87.0
E10000028,E07000038,86.9
E10000028,E10000031,86.5
E10000028,E10000024,86.0
E10000028,E06000062,85.3
E10000028,E07000193,84.9
E10000029,E10000020,85.8
E10000029,E10000019,85.8
E10000029,E10000031,84.7
E10000029,E06000055,84.5
E10000029,E06000062,83.5
E10000029,E10000024,83.0
E10000029,E10000012,82.9
E10000029,E07000220,82.8
E10000029,E10000028,82.8
E10000029,E07000244,82.6
E10000030,E06000040,94.0
E10000030,E07000214,90.6
E10000030,E07000211,90.6
E10000030,E07000102,90.0
E10000030,E07000240,89.3
E10000030,E07000228,87.1
E10000030,E07000210,86.6
E10000030,E07000207,86.4
E10000030,E10000014,85.6
E10000030,E07000234,85.4
E10000031,E06000062,91.4
E10000031,E10000012,88.5
E10000031,E07000084,88.2
E10000031,E10000013,87.2
E10000031,E10000028,86.8
E10000031,E10000034,86.3
E10000031,E10000032,86.2
E10000031,E06000055,85.8
E10000031,E07000067,85.0
E10000031,E10000029,84.9
E10000032,E07000063,90.0
E10000032,E07000084,89.8
E10000032,E10000014,88.1
E10000032,E10000012,87.7
E10000032,E10000015,87.3
E10000032,E10000031,86.0
E10000032,E07000098,85.7
E10000032,E07000096,85.4
E10000032,E07000110,85.1
E10000032,E07000115,84.6
E10000034,E10000028,88.6
E10000034,E10000013,88.2
E10000034,E10000031,85.7
E10000034,E06000055,85.6
E10000034,E07000038,85.2
E10000034,E10000007,84.6
E10000034,W06000014,84.2
E10000034,E08000029,84.0
E10000034,E06000062,84.0
E10000034,E07000195,83.9
E12000007,E09000009,88.7
E12000007,E09000008,88.2
E12000007,E06000038,86.9
E12000007,E09000018,85.8
E12000007,E09000011,85.4
E12000007,E09000026,84.8
E12000007,E06000032,84.5
E12000007,E06000045,83.3
E12000007,E06000044,83.3
E12000007,E06000043,82.9
E47000001,E08000001,91.5
E47000001,E08000008,89.8
E47000001,E08000004,89.5
E47000001,E08000005,88.5
E47000001,E08000019,88.5
E47000001,E47000004,88.2
E47000001,E08000006,88.2
E47000001,E08000032,87.6
E47000001,E08000023,87.1
E47000001,E08000015,86.6
E47000002,E47000003,91.3
E47000002,E08000034,88.8
E47000002,E08000036,88.7
E47000002,E08000018,88.6
E47000002,E07000034,88.1
E47000002,E08000019,86.4
E47000002,E08000010,86.0
E47000002,E07000174,86.0
E47000002,E08000017,85.7
E47000002,E08000032,84.1
E47000003,E47000002,91.1
E47000003,E08000035,89.1
E47000003,E08000019,89.1
E47000003,E08000034,87.2
E47000003,E08000018,87.0
E47000003,E07000034,86.9
E47000003,E08000033,86.5
E47000003,E08000010,86.2
E47000003,E47000001,85.7
E47000003,E08000032,85.5
E47000004,E47000001,88.7
E47000004,E08000006,88.3
E47000004,E08000004,88.2
E47000004,E07000123,87.5
E47000004,E08000001,87.2
E47000004,E08000032,86.9
E47000004,E07000117,86.7
E47000004,E08000031,86.2
E47000004,E06000008,85.4
E47000004,E08000005,84.4
E47000006,E08000018,87.3
E47000006,E06000001,86.1
E47000006,E06000004,85.5
E47000006,E07000120,83.4
E47000006,E06000005,82.2
E47000006,E08000032,81.9
E47000006,E06000012,81.1
E47000006,E47000002,81.1
E47000006,E47000003,80.7
E47000006,E08000024,80.1
E47000007,N09000002,0.0
E47000007,N09000003,0.0
E47000007,E07000223,0.0
E47000007,S12000035,0.0
E47000007,W06000001,0.0
E47000007,E07000032,0.0
E47000007,N09000011,0.0
E47000007,N09000001,0.0
E47000007,S12000041,0.0
E47000007,E07000224,0.0
E47000008,N09000002,0.0
E47000008,N09000003,0.0
E47000008,E07000223,0.0
E47000008,S12000035,0.0
E47000008,W06000001,0.0
E47000008,E07000032,0.0
E47000008,N09000011,0.0
E47000008,N09000001,0.0
E47000008,S12000041,0.0
E47000008,E07000224,0.0
E47000009,N09000002,0.0
E47000009,N09000003,0.0
E47000009,E07000223,0.0
E47000009,S12000035,0.0
E47000009,W06000001,0.0
E47000009,E07000032,0.0
E47000009,N09000011,0.0
E47000009,N09000001,0.0
E47000009,S12000041,0.0
E47000009,E07000224,0.0
E47000010,E06000005,87.1
E47000010,E08000033,86.6
E47000010,E47000011,86.4
E47000010,E47000003,82.8
E47000010,E08000037,82.3
E47000010,E07000122,82.2
E47000010,S12000050,81.5
E47000010,E06000047,81.0
E47000010,E08000018,80.2
E47000010,E07000121,79.7
E47000011,E47000010,86.0
E47000011,E06000005,84.8
E47000011,E07000121,84.1
E47000011,S12000050,82.2
E47000011,E08000033,80.8
E47000011,E47000003,80.7
E47000011,E08000037,80.6
E47000011,S12000040,80.2
E47000011,E08000035,79.8
E47000011,E06000004,79.8
E47000012,E06000065,87.1
E47000012,E06000011,87.1
E47000012,E07000197,83.2
E47000012,E07000141,81.9
E47000012,E10000018,81.5
E47000012,E07000133,78.9
E47000012,E07000177,78.7
E47000012,E07000196,78.7
E47000012,S12000010,78.7
E47000012,E06000050,78.6
N09000001,N09000008,85.4
N09000001,W06000012,59.3
N09000001,W06000019,58.9
N09000001,N09000011,58.6
N09000001,N09000005,58.5
N09000001,E06000003,58.2
N09000001,N09000007,58.1
N09000001,N09000002,55.7
N09000001,E07000037,53.6
N09000001,E06000012,52.5
N09000002,N09000001,64.9
N09000002,N09000008,64.9
N09000002,E06000003,50.4
N09000002,N09000005,46.8
N09000002,N09000010,46.3
N09000002,N09000009,46.1
N09000002,E07000037,45.8
N09000002,N09000004,43.1
N09000002,W06000012,41.0
N09000002,E06000012,40.5
N09000003,S12000039,63.0
N09000003,E06000009,61.4
N09000003,S12000049,59.6
N09000003,E07000123,59.2
N09000003,E08000021,59.1
N09000003,E08000014,57.7
N09000003,E06000018,56.8
N09000003,E47000004,55.7
N09000003,E08000012,55.4
N09000003,E08000006,55.3
N09000004,N09000010,82.5
N09000004,N09000009,79.7
N09000004,N09000006,77.6
N09000004,N09000005,67.4
N09000004,N09000011,58.3
N09000004,S12000008,57.3
N09000004,N09000008,57.1
N09000004,S12000006,52.9
N09000004,E06000064,52.3
N09000004,E06000057,52.3
N09000005,N09000010,65.6
N09000005,N09000004,63.6
N09000005,N09000011,61.3
N09000005,N09000009,60.7
N09000005,S12000018,57.6
N09000005,N09000001,56.9
N09000005,N09000008,55.8
N09000005,N09000003,53.8
N09000005,E07000120,53.4
N09000005,E06000001,52.6
N09000006,N09000004,79.6
N09000006,N09000009,75.7
N09000006,N09000010,70.8
N09000006,N09000005,59.0
N09000006,S12000008,46.8
N09000006,N09000008,46.6
N09000006,N09000011,45.1
N09000006,S12000006,44.9
N09000006,W06000023,44.1
N09000006,S12000017,43.8
N09000007,N09000011,65.4
N09000007,W06000004,61.2
N09000007,E06000063,56.1
N09000007,S12000028,55.4
N09000007,E06000047,55.0
N09000007,E47000010,53.2
N09000007,S12000039,52.8
N09000007,S12000008,52.8
N09000007,W06000003,52.7
N09000007,E07000121,52.6
N09000008,N09000001,85.7
N09000008,N09000011,60.1
N09000008,N09000005,58.4
N09000008,N09000010,58.1
N09000008,N09000009,57.0
N09000008,N09000002,56.8
N09000008,W06000012,56.7
N09000008,W06000019,56.6
N09000008,N09000007,55.3
N09000008,N09000004,55.0
N09000009,N09000010,85.1
N09000009,N09000004,79.3
N09000009,N09000006,72.8
N09000009,N09000005,64.1
N09000009,N09000008,58.1
N09000009,S12000008,56.3
N09000009,N09000011,53.1
N09000009,S12000017,51.5
N09000009,N09000001,50.6
N09000009,E07000137,50.1
N09000010,N09000009,84.9
N09000010,N09000004,81.8
N09000010,N09000005,68.1
N09000010,N09000006,66.8
N09000010,N09000011,58.9
N09000010,N09000008,58.6
N09000010,S12000008,58.0
N09000010,E07000137,54.3
N09000010,E06000064,53.2
N09000010,N09000001,52.9
N09000011,N09000007,67.6
N09000011,E06000047,61.8
N09000011,E06000063,60.9
N09000011,S12000008,59.3
N09000011,E47000010,59.2
N09000011,E07000122,59.1
N09000011,W06000024,59.0
N09000011,N09000005,58.8
N09000011,W06000004,57.9
N09000011,W06000016,57.8
S12000005,S12000021,55.4
S12000005,E07000146,43.1
S12000005,E07000245,40.5
S12000005,E08000016,36.9
S12000005,E07000198,35.7
S12000005,E07000176,34.8
S12000005,S12000042,34.2
S12000005,E08000013,32.3
S12000005,E06000003,31.9
S12000005,E06000064,31.8
S12000006,S12000026,78.7
S12000006,W06000001,77.8
S12000006,W06000023,75.2
S12000006,W06000008,73.5
S12000006,W06000010,71.4
S12000006,W06000009,71.0
S12000006,S12000035,69.9
S12000006,S12000008,69.5
S12000006,E06000051,69.0
S12000006,E06000064,68.2
S12000008,E06000063,80.3
S12000008,E06000057,80.1
S12000008,W06000004,75.2
S12000008,S12000028,72.5
S12000008,E07000127,71.9
S12000008,E06000047,70.7
S12000008,S12000035,70.6
S12000008,W06000001,70.1
S12000008,E07000121,69.8
S12000008,E06000051,69.7
S12000010,E47000012,78.7
S12000010,S12000041,77.3
S12000010,S12000030,76.9
S12000010,E06000065,76.8
S12000010,E07000127,75.7
S12000010,E06000011,74.8
S12000010,S12000047,74.4
S12000010,E07000238,73.7
S12000010,E07000196,73.6
S12000010,E07000118,73.3
S12000011,S12000045,90.2
S12000011,E06000014,75.8
S12000011,S12000036,74.8
S12000011,E06000049,73.5
S12000011,E07000118,72.9
S12000011,E07000119,72.7
S12000011,E07000234,72.6
S12000011,E10000018,72.3
S12000011,E07000129,72.0
S12000011,S12000029,71.1
S12000013,S12000035,62.1
S12000013,S12000017,61.5
S12000013,W06000001,58.6
S12000013,S12000006,55.9
S12000013,W06000002,55.5
S12000013,S12000026,54.8
S12000013,S12000027,53.3
S12000013,E06000063,52.9
S12000013,W06000009,52.2
S12000013,W06000008,51.9
S12000014,S12000040,90.0
S12000014,S12000029,84.7
S12000014,S12000019,83.2
S12000014,S12000038,82.7
S12000014,S12000050,81.6
S12000014,E07000121,77.6
S12000014,S12000047,77.2
S12000014,E08000002,76.4
S12000014,E06000005,75.8
S12000014,E47000011,75.7
S12000017,S12000035,81.5
S12000017,S12000048,78.1
S12000017,S12000041,77.0
S12000017,S12000034,76.2
S12000017,S12000026,73.3
S12000017,S12000030,72.9
S12000017,S12000010,71.7
S12000017,S12000028,69.7
S12000017,S12000008,69.2
S12000017,E06000057,68.7
S12000018,S12000050,72.8
S12000018,E47000011,71.8
S12000018,S12000038,70.8
S12000018,E07000122,69.1
S12000018,E47000010,68.6
S12000018,E07000120,68.5
S12000018,E06000005,68.2
S12000018,E47000006,68.2
S12000018,E08000001,67.5
S12000018,S12000029,67.4
S12000019,S12000040,86.3
S12000019,S12000014,83.6
S12000019,S12000029,83.4
S12000019,S12000038,80.8
S12000019,E07000121,80.6
S12000019,S12000050,79.1
S12000019,E47000011,79.0
S12000019,S12000028,78.8
S12000019,E07000195,78.2
S12000019,S12000047,77.3
S12000020,S12000041,68.7
S12000020,S12000030,68.4
S12000020,S12000017,66.6
S12000020,S12000010,66.5
S12000020,E06000065,66.0
S12000020,S12000035,64.4
S12000020,E06000064,64.3
S12000020,S12000026,63.3
S12000020,E47000012,63.1
S12000020,E07000127,62.7
S12000021,E08000016,62.0
S12000021,E08000013,56.7
S12000021,E07000128,54.9
S12000021,E08000017,54.3
S12000021,E08000036,54.0
S12000021,W06000006,53.7
S12000021,E06000003,53.3
S12000021,E07000198,53.0
S12000021,E08000034,50.9
S12000021,S12000042,50.6
S12000023,S12000027,68.9
S12000023,S12000026,63.3
S12000023,S12000006,59.9
S12000023,W06000023,56.2
S12000023,W06000008,53.5
S12000023,S12000034,53.3
S12000023,S12000035,52.3
S12000023,S12000013,52.1
S12000023,S12000017,51.3
S12000023,W06000001,51.0
S12000026,S12000006,79.5
S12000026,S12000035,74.4
S12000026,S12000034,74.3
S12000026,S12000017,74.2
S12000026,W06000023,73.2
S12000026,W06000001,71.3
S12000026,E06000065,70.3
S12000026,S12000048,70.0
S12000026,E06000057,69.7
S12000026,E06000051,69.7
S12000027,S12000023,67.0
S12000027,S12000034,65.8
S12000027,S12000026,63.0
S12000027,S12000017,61.4
S12000027,S12000035,58.5
S12000027,S12000020,58.0
S12000027,S12000048,57.5
S12000027,S12000010,57.4
S12000027,S12000041,57.0
S12000027,E07000124,56.3
S12000028,S12000041,81.2
S12000028,S12000019,79.6
S12000028,S12000047,78.9
S12000028,W06000003,78.9
S12000028,E06000063,78.0
S12000028,E07000128,77.5
S12000028,S12000029,77.4
S12000028,E06000057,75.8
S12000028,W06000005,75.1
S12000028,S12000040,75.0
S12000029,S12000040,87.2
S12000029,S12000014,85.1
S12000029,S12000038,84.4
S12000029,S12000019,83.5
S12000029,S12000047,81.9
S12000029,S12000050,81.7
S12000029,E07000121,80.5
S12000029,E07000118,80.1
S12000029,E47000011,78.2
S12000029,E08000033,77.1
S12000030,S12000041,80.1
S12000030,S12000010,78.0
S12000030,S12000047,76.3
S12000030,E47000012,74.8
S12000030,S12000048,73.7
S12000030,E06000065,73.6
S12000030,S12000028,73.2
S12000030,E07000127,72.7
S12000030,S12000017,71.8
S12000030,E06000050,71.4
S12000033,S12000036,79.3
S12000033,S12000040,71.2
S12000033,S12000014,68.3
S12000033,S12000038,66.7
S12000033,S12000019,65.7
S12000033,S12000039,65.0
S12000033,E08000022,64.8
S12000033,E47000011,64.2
S12000033,E07000078,63.8
S12000033,E07000118,63.4
S12000034,S12000048,83.7
S12000034,S12000017,78.1
S12000034,S12000026,75.5
S12000034,S12000030,74.6
S12000034,S12000041,74.3
S12000034,E06000065,72.9
S12000034,E47000012,71.6
S12000034,E07000124,71.4
S12000034,S12000010,71.3
S12000034,S12000035,71.1
S12000035,S12000017,82.2
S12000035,W06000001,76.4
S12000035,W06000002,75.8
S12000035,S12000026,74.5
S12000035,S12000048,74.3
S12000035,S12000008,72.9
S12000035,E06000063,72.8
S12000035,S12000010,72.4
S12000035,S12000006,71.2
S12000035,S12000041,70.8
S12000036,S12000033,78.7
S12000036,S12000040,75.0
S12000036,S12000014,73.8
S12000036,S12000038,73.8
S12000036,S12000011,72.7
S12000036,E06000014,71.6
S12000036,E07000118,71.5
S12000036,E08000022,71.3
S12000036,E07000237,70.8
S12000036,S12000045,70.1
S12000038,S12000040,86.1
S12000038,S12000050,85.9
S12000038,S12000029,84.0
S12000038,S12000014,82.7
S12000038,S12000019,80.4
S12000038,E47000011,78.6
S12000038,E08000022,77.7
S12000038,E07000121,77.5
S12000038,E08000002,76.3
S12000038,S12000047,75.4
S12000039,E07000123,76.4
S12000039,E08000021,76.2
S12000039,S12000050,74.7
S12000039,S12000038,72.6
S12000039,S12000049,72.5
S12000039,E08000037,71.9
S12000039,E47000011,71.8
S12000039,E08000035,71.6
S12000039,E08000006,71.3
S12000039,E47000004,70.6
S12000040,S12000014,90.1
S12000040,S12000029,86.8
S12000040,S12000038,86.1
S12000040,S12000019,86.1
S12000040,S12000050,82.4
S12000040,E07000121,82.2
S12000040,S12000047,81.1
S12000040,E47000011,80.3
S12000040,E07000118,79.6
S12000040,E08000022,77.1
S12000041,S12000028,81.4
S12000041,S12000030,79.8
S12000041,S12000010,78.1
S12000041,S12000047,77.7
S12000041,E47000012,76.8
S12000041,E06000065,76.5
S12000041,S12000019,76.4
S12000041,S12000017,75.6
S12000041,E06000057,75.5
S12000041,E06000011,73.9
S12000042,E08000014,76.4
S12000042,E08000021,70.2
S12000042,E08000013,70.2
S12000042,E07000123,67.6
S12000042,S12000049,64.7
S12000042,S12000039,64.5
S12000042,E47000004,63.1
S12000042,E07000034,60.7
S12000042,S12000038,60.5
S12000042,E08000006,60.4
S12000045,S12000011,90.3
S12000045,E06000014,74.0
S12000045,E08000009,73.2
S12000045,E06000049,72.8
S12000045,S12000036,72.7
S12000045,E07000118,71.9
S12000045,S12000029,71.6
S12000045,E10000018,71.2
S12000045,E07000119,70.6
S12000045,S12000038,70.5
S12000047,S12000029,81.9
S12000047,S12000040,81.5
S12000047,E07000128,79.6
S12000047,S12000028,78.2
S12000047,S12000014,77.8
S12000047,S12000019,77.5
S12000047,S12000050,77.1
S12000047,S12000041,76.7
S12000047,E06000005,76.6
S12000047,E07000121,76.5
S12000048,S12000034,82.6
S12000048,S12000017,78.5
S12000048,S12000030,75.2
S12000048,S12000010,74.2
S12000048,S12000035,73.8
S12000048,E06000065,73.7
S12000048,S12000041,73.0
S12000048,E47000012,72.2
S12000048,S12000026,69.6
S12000048,E07000035,67.6
S12000049,E08000021,78.3
S12000049,E08000006,77.2
S12000049,E08000012,75.1
S12000049,E08000003,75.1
S12000049,E07000123,74.9
S12000049,E47000004,74.9
S12000049,E47000001,73.6
S12000049,E08000004,73.3
S12000049,S12000039,72.9
S12000049,E06000009,72.2
S12000050,S12000038,86.0
S12000050,S12000040,82.6
S12000050,E47000011,82.4
S12000050,S12000014,81.8
S12000050,S12000029,81.4
S12000050,E47000010,81.2
S12000050,E06000005,80.8
S12000050,E08000033,80.4
S12000050,E47000003,79.5
S12000050,S12000019,78.9
W06000001,W06000002,81.9
W06000001,W06000009,81.1
W06000001,S12000006,78.4
W06000001,S12000035,76.1
W06000001,E06000051,74.5
W06000001,E06000063,73.6
W06000001,W06000010,73.5
W06000001,S12000008,72.0
W06000001,W06000004,71.3
W06000001,S12000026,71.0
W06000002,W06000001,81.5
W06000002,E06000051,77.8
W06000002,W06000004,76.0
W06000002,S12000035,74.8
W06000002,E07000042,74.0
W06000002,E07000080,72.4
W06000002,E07000043,71.9
W06000002,E07000142,71.8
W06000002,E06000063,71.2
W06000002,E10000008,71.0
W06000003,W06000004,79.0
W06000003,E07000195,78.8
W06000003,E10000028,78.3
W06000003,S12000028,77.4
W06000003,E07000121,77.1
W06000003,E10000007,76.3
W06000003,E07000239,76.0
W06000003,E07000193,76.0
W06000003,S12000019,75.9
W06000003,E10000024,75.7
W06000004,E06000063,79.8
W06000004,W06000003,78.9
W06000004,E06000051,77.4
W06000004,E07000121,76.1
W06000004,E10000019,75.1
W06000004,E06000066,74.5
W06000004,E07000127,74.0
W06000004,E06000047,74.0
W06000004,E06000057,73.4
W06000004,E10000008,73.3
W06000005,E10000007,84.2
W06000005,E07000032,82.5
W06000005,E06000050,80.9
W06000005,E10000028,80.8
W06000005,E07000038,79.7
W06000005,E06000061,78.7
W06000005,E07000128,78.7
W06000005,E10000024,78.0
W06000005,E07000195,78.0
W06000005,E07000220,77.8
W06000006,E07000128,75.5
W06000006,E06000064,73.6
W06000006,E07000198,72.4
W06000006,E07000193,72.0
W06000006,E06000063,71.8
W06000006,S12000028,71.3
W06000006,E10000007,71.0
W06000006,E07000127,70.6
W06000006,E07000195,70.4
W06000006,E10000024,69.6
W06000008,W06000023,82.1
W06000008,S12000006,75.5
W06000008,E07000047,73.4
W06000008,W06000010,72.7
W06000008,E07000046,69.9
W06000008,W06000001,69.3
W06000008,S12000026,66.4
W06000008,W06000009,65.7
W06000008,E06000019,62.3
W06000008,E06000051,61.1
W06000009,W06000001,80.3
W06000009,S12000006,70.6
W06000009,W06000010,69.9
W06000009,E07000042,69.8
W06000009,W06000002,69.6
W06000009,E06000064,69.1
W06000009,E07000043,68.4
W06000009,E06000051,68.4
W06000009,E06000052,68.0
W06000009,E06000063,67.6
W06000010,E06000019,75.9
W06000010,E07000046,75.2
W06000010,E07000043,74.1
W06000010,W06000001,72.4
W06000010,E06000051,72.0
W06000010,E07000047,71.2
W06000010,S12000006,71.0
W06000010,W06000008,70.1
W06000010,W06000009,69.8
W06000010,W06000004,69.0
W06000011,W06000015,79.3
W06000011,W06000013,78.8
W06000011,E07000239,78.4
W06000011,E06000020,78.1
W06000011,E08000002,76.8
W06000011,W06000014,76.6
W06000011,E07000121,76.2
W06000011,W06000020,76.0
W06000011,E07000195,75.6
W06000011,E07000036,75.3
W06000012,W06000019,82.7
W06000012,W06000022,79.8
W06000012,W06000018,78.5
W06000012,W06000024,78.4
W06000012,W06000013,77.6
W06000012,W06000020,76.2
W06000012,W06000016,74.7
W06000012,E07000239,73.3
W06000012,E08000033,72.0
W06000012,E08000018,70.9
W06000013,E07000239,86.9
W06000013,W06000018,84.6
W06000013,E07000195,81.7
W06000013,W06000022,81.3
W06000013,W06000016,80.9
W06000013,W06000011,80.5
W06000013,E10000017,79.3
W06000013,E06000007,79.2
W06000013,E07000192,78.9
W06000013,W06000020,78.5
W06000014,E06000024,87.5
W06000014,E10000034,84.4
W06000014,E10000028,82.7
W06000014,E06000050,82.1
W06000014,E10000013,81.4
W06000014,E06000022,80.4
W06000014,E07000197,80.4
W06000014,E06000049,80.3
W06000014,E08000029,80.1
W06000014,E06000030,79.8
W06000015,E07000237,84.3
W06000015,E07000081,82.0
W06000015,E08000027,81.2
W06000015,E07000236,80.7
W06000015,E06000015,80.4
W06000015,W06000011,80.3
W06000015,E06000020,79.7
W06000015,E06000026,79.5
W06000015,E06000023,78.8
W06000015,E07000219,78.0
W06000016,W06000018,86.1
W06000016,E07000239,82.1
W06000016,W06000020,81.2
W06000016,W06000013,80.9
W06000016,W06000024,80.7
W06000016,W06000022,78.7
W06000016,E08000033,77.7
W06000016,W06000011,76.4
W06000016,E08000036,75.7
W06000016,E47000010,75.6
W06000018,W06000016,86.0
W06000018,W06000013,84.5
W06000018,W06000024,82.8
W06000018,E07000239,82.2
W06000018,E08000033,79.1
W06000018,W06000022,78.7
W06000018,W06000012,78.6
W06000018,W06000020,78.4
W06000018,E07000192,77.5
W06000018,E07000195,75.9
W06000019,W06000024,83.4
W06000019,W06000012,83.2
W06000019,W06000018,75.2
W06000019,W06000022,74.1
W06000019,E07000122,73.0
W06000019,E07000120,72.1
W06000019,W06000020,72.1
W06000019,E08000018,70.6
W06000019,W06000016,70.4
W06000019,E06000021,70.2
W06000020,W06000022,83.8
W06000020,E07000239,81.9
W06000020,E08000036,80.7
W06000020,W06000016,80.7
W06000020,E06000020,80.4
W06000020,E47000002,80.1
W06000020,E07000034,79.7
W06000020,E08000034,79.5
W06000020,W06000024,78.7
W06000020,E08000018,78.6
W06000021,E06000059,81.5
W06000021,E06000051,78.8
W06000021,E07000238,77.7
W06000021,E10000008,77.4
W06000021,E07000225,76.4
W06000021,E06000065,76.4
W06000021,W06000003,76.2
W06000021,E07000235,75.8
W06000021,E06000066,75.3
W06000021,E06000011,75.1
W06000022,W06000020,83.9
W06000022,E08000018,81.2
W06000022,E07000239,81.2
W06000022,W06000013,80.9
W06000022,E06000020,80.8
W06000022,E08000010,80.1
W06000022,E07000120,80.0
W06000022,E47000002,79.9
W06000022,W06000012,79.8
W06000022,E47000003,79.1
W06000023,W06000008,82.3
W06000023,S12000006,77.3
W06000023,S12000026,74.6
W06000023,E07000047,73.9
W06000023,W06000001,72.1
W06000023,W06000010,68.4
W06000023,W06000009,66.8
W06000023,E06000051,64.3
W06000023,E07000042,64.2
W06000023,E07000046,64.1
W06000024,W06000019,83.3
W06000024,W06000018,83.2
W06000024,W06000016,80.9
W06000024,W06000020,79.5
W06000024,W06000012,79.0
W06000024,E07000122,77.3
W06000024,W06000022,76.8
W06000024,E08000033,76.8
W06000024,E07000170,76.4
W06000024,E08000018,75.2
